Workbook

Sheet Usage of Sheet
A1: Use of this Excel sheet
A2: Data Type | B2: Color Code | C2: Type of Data
A3: 1 | C3: Optional Data
A4: 2 | C4: Mandatory Data
A5: 3 | C5: Don’t change the Data
A6: 4 | C6: No need to provide the Data

Sheet Home Page
B3: Feature Name | C3: Available Scripts | D3: GUI | E3: CLI | F3: Service Affecting Test Case Count | G3: Need to execute (Non SA) | H3: Need to execute (SA)
B4: PMIC | C4: =SUM(D4,E4) -> 66 | D4: =COUNTIF(PMIC!AA:AA, "GUI") -> 66 | E4: =COUNTIF(PMIC!AA:AA, "CLI") -> 0 | F4: =COUNTIF(PMIC!BB:BB, "Yes") -> 0 | G4: =COUNTIFS(PMIC!A:A, "Y", PMIC!AB:AB, "No") -> 45 | H4: =COUNTIFS(PMIC!A:A, "Y", PMIC!AB:AB, "Yes") -> 0
B5: Add Node (Web) | C5: =SUM(D5,E5) -> 3 | D5: =COUNTIF('Add Node'!K:K, "GUI") -> 3 | E5: =COUNTIF('Add Node'!K:K, "CLI") -> 0 | F5: =COUNTIF('Add Node'!L:L, "Yes") -> 0 | G5: =COUNTIFS('Add Node'!A:A, "Y", 'Add Node'!L:L, "No") -> 3 | H5: =COUNTIFS('Add Node'!A:A, "Y", 'Add Node'!L:L, "Yes") -> 0
B6: FM | C6: =SUM(D6,E6) -> 38 | D6: =COUNTIF(FM!S:S, "GUI") -> 38 | E6: =COUNTIF(FM!S:S, "CLI") -> 0 | F6: =COUNTIF(FM!T:T, "Yes") -> 1 | G6: =COUNTIFS(FM!A:A, "Y", FM!T:T, "No") -> 37 | H6: =COUNTIFS(FM!A:A, "Y", FM!T:T, "Yes") -> 1
B7: SHM | C7: =SUM(D7,E7) -> 0 | D7: =COUNTIF(SHM!T:T, "GUI") -> 0 | E7: =COUNTIF(SHM!T:T, "CLI") -> 0 | F7: =COUNTIF(SHM!U:U, "Yes") -> 0 | G7: =COUNTIFS(SHM!A:A, "Y", SHM!U:U, "No") -> 0 | H7: =COUNTIFS(SHM!A:A, "Y", SHM!U:U, "Yes") -> 0
B8: Client Scripting | C8: =SUM(D8,E8) -> 10 | D8: =COUNTIF(ClientScripting!O:O, "GUI") -> 1 | E8: =COUNTIF(ClientScripting!O:O, "CLI") -> 9 | F8: =COUNTIF(ClientScripting!P:P, "Yes") -> 1 | G8: =COUNTIFS(ClientScripting!A:A, "Y", ClientScripting!P:P, "No") -> 9 | H8: =COUNTIFS(ClientScripting!A:A, "Y", ClientScripting!P:P, "Yes") -> 1
B9: Log Viewer | C9: =SUM(D9,E9) -> 9 | D9: =COUNTIF(LV!F:F, "GUI") -> 9 | E9: =COUNTIF(LV!F:F, "CLI") -> 0 | F9: =COUNTIF(LV!G:G, "Yes") -> 0 | G9: =COUNTIFS(LV!A:A, "Y", LV!G:G, "No") -> 9 | H9: =COUNTIFS(LV!A:A, "Y", LV!G:G, "Yes") -> 0
B10: Topology Browser | C10: =SUM(D10,E10) -> 12 | D10: =COUNTIF('Topology Browser'!I:I, "GUI") -> 12 | E10: =COUNTIF('Topology Browser'!I:I, "CLI") -> 0 | F10: =COUNTIF('Topology Browser'!J:J, "Yes") -> 0 | G10: =COUNTIFS('Topology Browser'!A:A, "Y", 'Topology Browser'!J:J, "No") -> 12 | H10: =COUNTIFS('Topology Browser'!A:A, "Y", 'Topology Browser'!J:J, "Yes") -> 0
B11: AMOS | C11: =SUM(D11,E11) -> 18 | D11: =COUNTIF(AMOS!W:W, "GUI") -> 11 | E11: =COUNTIF(AMOS!W:W, "CLI") -> 7 | F11: =COUNTIF(AMOS!X:X, "Yes") -> 2 | G11: =COUNTIFS(AMOS!A:A, "Y", AMOS!X:X, "No") -> 16 | H11: =COUNTIFS(AMOS!A:A, "Y", AMOS!X:X, "Yes") -> 2
B12: Network Explorer | C12: =SUM(D12,E12) -> 16 | D12: =COUNTIF(NetworkExplorer!J:J, "GUI") -> 16 | E12: =COUNTIF(NetworkExplorer!J:J, "CLI") -> 0 | F12: =COUNTIF(NetworkExplorer!K:K, "Yes") -> 0 | G12: =COUNTIFS(NetworkExplorer!A:A, "Y", NetworkExplorer!K:K, "No") -> 16 | H12: =COUNTIFS(NetworkExplorer!A:A, "Y", NetworkExplorer!K:K, "Yes") -> 0
B13: Identity Access Management | C13: =SUM(D13,E13) -> 30 | D13: =COUNTIF(IDAM!M:M, "GUI") -> 30 | E13: =COUNTIF(IDAM!M:M, "CLI") -> 0 | F13: =COUNTIF(IDAM!N:N, "Yes") -> 1 | G13: =COUNTIFS(IDAM!A:A, "Y", IDAM!N:N, "No") -> 29 | H13: =COUNTIFS(IDAM!A:A, "Y", IDAM!N:N, "Yes") -> 1
B14: CM(Add,Synchronize & Delete) | C14: =SUM(D14,E14) -> 3 | D14: =COUNTIF('CM Add and Synchronize Node'!P:P, "GUI") -> 3 | E14: =COUNTIF('CM Add and Synchronize Node'!P:P, "CLI") -> 0 | F14: =COUNTIF('CM Add and Synchronize Node'!Q:Q, "Yes") -> 3 | G14: =COUNTIFS('CM Add and Synchronize Node'!A:A, "Y", 'CM Add and Synchronize Node'!Q:Q, "No") -> 0 | H14: =COUNTIFS('CM Add and Synchronize Node'!A:A, "Y", 'CM Add and Synchronize Node'!Q:Q, "Yes") -> 3
B15: License Control and Monitoring | C15: =SUM(D15,E15) -> 8 | D15: =COUNTIF('License Control and Monitoring'!F:F, "GUI") -> 7 | E15: =COUNTIF('License Control and Monitoring'!F:F, "CLI") -> 1 | F15: =COUNTIF('License Control and Monitoring'!G:G, "Yes") -> 1 | G15: =COUNTIFS('License Control and Monitoring'!A:A, "Y", 'License Control and Monitoring'!G:G, "No") -> 7 | H15: =COUNTIFS('License Control and Monitoring'!A:A, "Y", 'License Control and Monitoring'!G:G, "Yes") -> 1
B16: CMCLI | C16: =SUM(D16,E16) -> 9 | D16: =COUNTIF(CMCLI!Q:Q, "GUI") -> 8 | E16: =COUNTIF(CMCLI!Q:Q, "CLI") -> 1 | F16: =COUNTIF(CMCLI!R:R, "Yes") -> 4 | G16: =COUNTIFS(CMCLI!A:A, "Y", CMCLI!R:R, "No") -> 5 | H16: =COUNTIFS(CMCLI!A:A, "Y", CMCLI!R:R, "Yes") -> 4
B17: Network Health Monitor | C17: =SUM(D17,E17) -> 43 | D17: =COUNTIF(NHM!O:O, "GUI") -> 43 | E17: =COUNTIF(NHM!O:O, "CLI") -> 0 | F17: =COUNTIF(NHM!P:P, "Yes") -> 1 | G17: =COUNTIFS(NHM!A:A, "Y", NHM!P:P, "No") -> 42 | H17: =COUNTIFS(NHM!A:A, "Y", NHM!P:P, "Yes") -> 1
B18: Network Viewer | C18: =SUM(D18,E18) -> 21 | D18: =COUNTIF('Network Viewer'!P:P, "GUI") -> 21 | E18: =COUNTIF('Network Viewer'!P:P, "CLI") -> 0 | F18: =COUNTIF('Network Viewer'!Q:Q, "Yes") -> 1 | G18: =COUNTIFS('Network Viewer'!A:A, "Y", 'Network Viewer'!Q:Q, "No") -> 20 | H18: =COUNTIFS('Network Viewer'!A:A, "Y", 'Network Viewer'!Q:Q, "Yes") -> 1
B19: NHC | C19: =SUM(D19,E19) -> 12 | D19: =COUNTIF(NHC!U:U, "GUI") -> 7 | E19: =COUNTIF(NHC!U:U, "CLI") -> 5 | F19: =COUNTIF(NHC!V:V, "Yes") -> 0 | G19: =COUNTIFS(NHC!A:A, "Y", NHC!V:V, "No") -> 12 | H19: =COUNTIFS(NHC!A:A, "Y", NHC!V:V, "Yes") -> 0
B20: Security PKI | C20: =SUM(D20,E20) -> 13 | D20: =COUNTIF('Security PKI'!W:W, "GUI") -> 6 | E20: =COUNTIF('Security PKI'!W:W, "CLI") -> 7 | F20: =COUNTIF('Security PKI'!X:X, "Yes") -> 1 | G20: =COUNTIFS('Security PKI'!A:A, "Y", 'Security PKI'!X:X, "No") -> 12 | H20: =COUNTIFS('Security PKI'!A:A, "Y", 'Security PKI'!X:X, "Yes") -> 1
B21: Automatic ID assignment | C21: =SUM(D21:E21) -> 4 | D21: =COUNTIF(AutoID!G:G, "GUI") -> 4 | E21: =COUNTIF(AutoID!G:G, "CLI") -> 0 | F21: =COUNTIF(AutoID!H:H, "Yes") -> 0 | G21: =COUNTIFS(AutoID!A:A, "Y", AutoID!H:H, "No") -> 4 | H21: =COUNTIFS(AutoID!A:A, "Y", AutoID!H:H, "Yes") -> 0
B22: Winfiol | C22: =SUM(D22:E22) -> 1 | D22: =COUNTIF(WinFIOL!F:F, "GUI") -> 1 | E22: =COUNTIF(WinFIOL!F:F, "CLI") -> 0 | F22: =COUNTIF(WinFIOL!G:G, "Yes") -> 0 | G22: =COUNTIFS(WinFIOL!A:A, "Y", WinFIOL!G:G, "No") -> 1 | H22: =COUNTIFS(WinFIOL!A:A, "Y", WinFIOL!G:G, "Yes") -> 0
B23: Cell Management | C23: 5 | D23: =COUNTIF('Cell Management'!F:F, "GUI") -> 5 | E23: =COUNTIF('Cell Management'!F:F, "CLI") -> 0 | F23: =COUNTIF('Cell Management'!G:G, "Yes") -> 2 | G23: =COUNTIFS('Cell Management'!A:A, "Y", 'Cell Management'!G:G, "No") -> 3 | H23: =COUNTIFS('Cell Management'!A:A, "Y", 'Cell Management'!G:G, "Yes") -> 2
B24: Parameter Management | C24: =SUM(D24:E24) -> 4 | D24: =COUNTIF('Parameter Management'!I:I, "GUI") -> 4 | E24: =COUNTIF('Parameter Management'!I:I, "CLI") -> 0 | F24: =COUNTIF('Parameter Management'!J:J, "Yes") -> 0 | G24: =COUNTIFS('Parameter Management'!A:A, "Y", 'Parameter Management'!J:J, "No") -> 4 | H24: =COUNTIFS('Parameter Management'!A:A, "Y", 'Parameter Management'!J:J, "Yes") -> 0
B25: AutoProvisioning | C25: =SUM(D25:E25) -> 7 | D25: =COUNTIF('Auto Provisioning'!J:J, "GUI") -> 7 | E25: =COUNTIF('Auto Provisioning'!J:J, "CLI") -> 0 | F25: =COUNTIF('Auto Provisioning'!K:K, "Yes") -> 0 | G25: =COUNTIFS('Auto Provisioning'!A:A, "Y", 'Auto Provisioning'!K:K, "No") -> 7 | H25: =COUNTIFS('Auto Provisioning'!A:A, "Y", 'Auto Provisioning'!K:K, "Yes") -> 0
B26: Release Independence | C26: =SUM(D26:E26) -> 7 | D26: =COUNTIF('Release Independence'!E:E, "GUI") -> 7 | E26: =COUNTIF('Release Independence'!E:E, "CLI") -> 0 | F26: =COUNTIF('Release Independence'!F:F, "Yes") -> 0 | G26: =COUNTIFS('Release Independence'!A:A, "Y", 'Release Independence'!F:F, "No") -> 7 | H26: =COUNTIFS('Release Independence'!A:A, "Y", 'Release Independence'!F:F, "Yes") -> 0
B27: User Management | C27: =SUM(D27:E27) -> 1 | D27: =COUNTIF('User Management'!F:F, "GUI") -> 1 | E27: =COUNTIF('User Management'!F:F, "CLI") -> 0 | F27: =COUNTIF('User Management'!G:G, "Yes") -> 0 | G27: =COUNTIFS('User Management'!A:A, "Y", 'User Management'!G:G, "No") -> 1 | H27: =COUNTIFS('User Management'!A:A, "Y", 'User Management'!G:G, "Yes") -> 0
B28: OPS | C28: =SUM(D28:E28) -> 2 | D28: =COUNTIF(OPS!E:E, "GUI") -> 2 | E28: =COUNTIF(OPS!E:E, "CLI") -> 0 | F28: =COUNTIF(OPS!F:F, "Yes") -> 0 | G28: =COUNTIFS(OPS!A:A, "Y", FMX!F:F, "No") -> 0 | H28: =COUNTIFS(OPS!A:A, "Y", FMX!F:F, "Yes") -> 0
B29: Bulk Configuration | C29: =SUM(D29:E29) -> 2 | D29: =COUNTIF('Bulk Configuration'!G:G, "GUI") -> 2 | E29: =COUNTIF('Bulk Configuration'!G:G, "CLI") -> 0 | F29: =COUNTIF('Bulk Configuration'!H:H, "Yes") -> 0 | G29: =COUNTIFS('Bulk Configuration'!A:A, "Y", 'Bulk Configuration'!H:H, "No") -> 2 | H29: =COUNTIFS('Bulk Configuration'!A:A, "Y", 'Bulk Configuration'!H:H, "Yes") -> 0
B30: High Availability | C30: 1 | D30: =COUNTIF('High Availability'!I:I, "GUI") -> 0 | E30: =COUNTIF('High Availability'!I:I, "CLI") -> 1 | F30: =COUNTIF('High Availability'!J:J, "Yes") -> 0 | G30: =COUNTIFS('High Availability'!A:A, "Y", 'High Availability'!J:J, "No") -> 1 | H30: =COUNTIFS('High Availability'!A:A, "Y", 'High Availability'!J:J, "Yes") -> 0
B31: FMX | C31: =SUM(D31:E31) -> 19 | D31: =COUNTIF(FMX!L:L, "GUI") -> 18 | E31: =COUNTIF(FMX!L:L, "CLI") -> 1 | F31: =COUNTIF(FMX!M:M, "Yes") -> 0 | G31: =COUNTIFS(FMX!A:A, "Y", FMX!M:M, "No") -> 19 | H31: =COUNTIFS(FMX!A:A, "Y", FMX!M:M, "Yes") -> 0
B32: ESM | C32: =SUM(D32:E32) -> 6 | D32: =COUNTIF(ESM!E:E, "GUI") -> 6 | E32: =COUNTIF(ESM!E:E, "CLI") -> 0 | F32: =COUNTIF(ESM!F:F, "Yes") -> 0 | G32: =COUNTIFS(ESM!A:A, "Y", ESM!F:F, "No") -> 6 | H32: =COUNTIFS(ESM!A:A, "Y", ESM!F:F, "Yes") -> 0
B33: PLM | C33: =SUM(D33:E33) -> 1 | D33: =COUNTIF(PLM!G:G, "GUI") -> 1 | E33: =COUNTIF(PLM!G:G, "CLI") -> 0 | F33: =COUNTIF(PLM!H:H, "Yes") -> 0 | G33: =COUNTIFS(PLM!A:A, "Y", PLM!H:H, "No") -> 1 | H33: =COUNTIFS(PLM!A:A, "Y", PLM!H:H, "Yes") -> 0
B34: Configuration Management | C34: =SUM(D34:E34) -> 9 | D34: =COUNTIF('Configuration Management'!N:N, "GUI") -> 0 | E34: =COUNTIF('Configuration Management'!N:N, "CLI") -> 9 | F34: =COUNTIF('Configuration Management'!O:O, "Yes") -> 2 | G34: =COUNTIFS('Configuration Management'!A:A, "Y", 'Configuration Management'!O:O, "No") -> 5 | H34: =COUNTIFS('Configuration Management'!A:A, "Y", 'Configuration Management'!O:O, "Yes") -> 2
B35: NCM | C35: =SUM(D35:E35) -> 1 | D35: =COUNTIF(NCM!E:E, "GUI") -> 1 | E35: =COUNTIF(NCM!E:E, "CLI") -> 0 | F35: =COUNTIF(NCM!F:F, "Yes") -> 0 | G35: =COUNTIFS(NCM!A:A, "Y", NCM!F:F, "No") -> 1 | H35: =COUNTIFS(NCM!A:A, "Y", NCM!F:F, "Yes") -> 0
B36: Total Count Summary | C36: =SUM(C4:C35) -> 381 | D36: =SUM(D4:D34) -> 339 | E36: =SUM(E4:E34) -> 41 | F36: =SUM(F4:F35) -> 20 | G36: =SUM(G4:G35) -> 336 | H36: =SUM(H4:H35) -> 20

Sheet ESM
A1: Execution_Flag | B1: Test Case | C1: Robot_File_Name | D1: Description | E1: Mode | F1: Service affecting | G1: Comment | H1: Node Support Information
A2: Y | B2: ESM-3.1 | C2: GUI-ESM-00-3.1.robot | D2: Create Internal Alert | E2: GUI | F2: No
A3: Y | B3: ESM-3.3 | C3: GUI-ESM-00-3.3.robot | D3: Navigate to Monitoring Dashboards in ESM GUI | E3: GUI | F3: No
A4: Y | B4: ESM-3.4 | C4: GUI-ESM-00-3.4.robot | D4: Navigate to Performance and Optimization dashboards in ESM UI | E4: GUI | F4: No
A5: Y | B5: ESM-3.5 | C5: GUI-ESM-00-3.5.robot | D5: Navigate to Provisioning dashboards in ESM UI | E5: GUI | F5: No
A6: Y | B6: ESM-3.6 | C6: GUI-ESM-00-3.6.robot | D6: Navigate to System dashboards in ESM UI | E6: GUI | F6: No
A7: Y | B7: ESM-3.7 | C7: GUI-ESM-00-3.7.robot | D7: Navigate to Security dashboards in ENM UI | E7: GUI | F7: No

Sheet Add Node
A1: Execution_Flag | B1: Test Case | C1: Node | D1: Nodetype | E1: IP address | F1: UserName | G1: Password | H1: Subnetwork | I1: Robot_File_Name | J1: Description | K1: Mode | L1: Service affecting | M1: Comment | N1: Node Support Information
A2: Y | B2: Node information for with mandatory MeContext | C2: Dummynode1 | D2: BSP | E2: 131.111.111.111 | F2: user123 | G2: test123 | I2: GUI-AddNode-00-3.1.robot | J2: Add a network element, with mandatory MEContext parameter, via UI with ManagedElement as the top root managed object. | K2: GUI | L2: No | N2: Dummy nodes are used for testing hence not applicable
A3: Y | B3: Node information for with optional MeContext | C3: Dummynode2 | D3: RadioNode | E3: 12.21.1.12 | F3: user124 | G3: test124 | I3: GUI-AddNode-00-3.2.robot | J3: Add a network element, with mandatory MEContext parameter, via UI with SubNetwork as the top root managed object | K3: GUI | L3: No
A4: Y | B4: Node and subnetwork information for with mandatory MeContext | C4: Dummynode3 | D4: BSP | E4: 10.10.12.23 | F4: user125 | G4: test125 | H4: TESTNETWORK | I4: GUI-AddNode-00-3.3.robot | J4: Add a network element, with optional MEContext parameter, via UI with ManagedElement as the top root managed object | K4: GUI | L4: No

Sheet SHM
A1: Execution_Flag | B1: Test Case | C1: Node | D1: JobName | E1: DuplicateJobName | F1: Information | G1: BackupName | H1: NodeType | I1: status | J1: ImportFile | K1: Product Number | L1: Product Revision | M1: Package_Name | N1: Host | O1: UserName | P1: Password | Q1: BladeName | R1: Savesearch | S1: CollectionName | T1: Robot_File_Name | U1: TestCase-Description | V1: Mode | W1: Service affecting | X1: Comment | Y1: Node Support Information
A2: Y | B2: SHM-3.1 | C2: BB46 | T2: GUI-SHM-00-3.1.robot | U2: View Software Inventory | V2: GUI | W2: No | Y2: All type of Nodes are supported except vMME(IPv6), Baseband T Node(IPv6), SAPC(IPv6), PicoRBS6402(IPv6), MINI-LINKIndoor,SBG/vSBG,CSCF/vCSCF,MTAS/vMTAS,IPWorks/vIPWorks(IPv6),BGF/vBGF(IPv6),BSP(IPv6),vMRF(IPv6),HSS-FE/vHSS-FE(IPV6),RVNFM , Mini-link-669X, Mini-link-665X, Mini-link6366, Mini-link-CN210, Mini-link-CN510R1, Mini-link-CN510R2, Mini-link-CN810R1, Mini-link-CN810R2
A3: Y | B3: SHM-3.3 | C3: BB46 | T3: GUI-SHM-00-3.3.robot | U3: View Hardware Inventory | V3: GUI | W3: No | Y3: All type of Nodes are supported except vMME, Baseband T Node(IPv6), SAPC, PicoRBS6402(IPv6), MINI-LINKIndoor,CSCF/vCSCF(IPv6),MTAS/vMTAS(IPv6),IPWorks/vIPWorks,BGF/vBGF,BSP(IPv6),vMRF,HSS-FE/vHSS-FE,vSD,vPP,RVNFM,RNFVO,HPE-NFV-Director,vMSC-HC,vMSC, vIP-STP,Mini-link-669X, Mini-link-665X, Mini-link6366, Mini-link-CN210, Mini-link-CN510R1, Mini-link-CN510R2, Mini-link-CN810R1, Mini-link-CN810R2
A4: Y | B4: SHM-3.4 | C4: BB46 | T4: GUI-SHM-00-3.4.robot | U4: View License Inventory | V4: GUI | W4: No | Y4: All type of Nodes are supported except SGSN-MME, vMME, Baseband T Node(IPv6), SAPC, PicoRBS6402,CSCF/vCSCF(IPv6),MTAS/vMTAS(IPv6),IPWorks/vIPWorks,BGF/vBGF,BSP(IPv6),vMRF,HSS-FE/vHSS-FE,vSD,vPP,RVNFM,RNFVO,HPE-NFV-Director, NeLS, vTIF
A5: Y | B5: SHM-3.5 | C5: BB46 | T5: GUI-SHM-00-3.5.robot | U5: View Backup Inventory Inventory | V5: GUI | W5: No | Y5: All type of Nodes are supported except vMME(IPv6), Baseband T Node(IPv6), SAPC, PicoRBS6402(IPv6), MINI-LINKIndoor,JUNIPER-MX, JUNIPER-PTX, JUNIPER-SRX, JUNIPER-vMX, JUNIPER-vSRX,CSCF/vCSCF(IPv6),BGF/vBGF,BSP(IPv6),vMRF, HSS-FE/vHSS-FE(IPv6),RNFVO,HPE-NFV-DirectorMini-link-669X, Mini-link-665X, Mini-link6366, Mini-link-CN210, Mini-link-CN510R1, Mini-link-CN510R2, Mini-link-CN810R1, Mini-link-CN810R2
A6: Y | B6: SHM-3.13 | C6: BB46 | D6: MTAS_Test_Data_Backup | F6: standard | T6: GUI-SHM-00-3.13.robot | U6: Manage Backup for CPP based nodes with shm_Administrator role | V6: GUI | W6: No | Y6: All type of Nodes are supported except vMME, Baseband T Node(IPv6), SAPC, PicoRBS6402(IPv6), MINI-LINKIndoor,JUNIPER-MX, JUNIPER-PTX, JUNIPER-SRX, JUNIPER-vMX, JUNIPER-vSRX,SBG/vSBG(IPv6),CSCF/vCSCF(IPv6),MTAS/vMTAS(IPv6),IPWorks/vIPWorks(IPv6),BGF/vBGF,BSP(IPv6),vMRF, HSS-FE/vHSS-FE(IPv6),RNFVO,HPE-NFV-Director,Mini-link-669X, Mini-link-665X, Mini-link6366, Mini-link-CN210, Mini-link-CN510R1, Mini-link-CN510R2, Mini-link-CN810R1, Mini-link-CN810R2, , MINI-LINK Outdoor(ML-6351, ML-6352, PT-2020, Switch-6391, FrontHaul-6392)
A7: Y | B7: SHM-3.36 | D7: ManagBackup | E7: TestBackup_new | T7: GUI-SHM-00-3.36.robot | U7: Create a new Job from Job Details | V7: GUI | W7: No | X7: Dependent on 3.13 | Y7: All type of Nodes are supported except vMME(IPv6), Baseband T Node(IPv6), SAPC, PicoRBS6402(IPv6),JUNIPER-MX, JUNIPER-PTX, JUNIPER-SRX, JUNIPER-vMX, JUNIPER-vSRX,CSCF/vCSCF(IPv6),IPWorks/vIPWorks(IPv6),BGF/vBGF,BSP(IPv6),vMRF, gNodeBBasebandRadioNode,HSS-FE/vHSS-FE(IPv6),RNFVO,HPE-NFV-DirectorMini-link-669X, Mini-link-665X, Mini-link6366, Mini-link-CN210, Mini-link-CN510R1, Mini-link-CN510R2, Mini-link-CN810R1, Mini-link-CN810R2
A8: Y | B8: SHM-3.2 | C8: CBT01-02-BB6648 | T8: GUI-SHM-00-3.2.robot | U8: View Upgrade Packages on node | V8: GUI | W8: No | Y8: All type of Nodes are supported except vMME(IPv6), Baseband T Node(IPv6), SAPC(IPv6), PicoRBS6402(IPv6), MINI-LINKIndoor,SBG/vSBG,CSCF/vCSCF,MTAS/vMTAS,IPWorks/vIPWorks(IPv6),BGF/vBGF(IPv6),BSP(IPv6),vMRF(IPv6),HSS-FE/vHSS-FE,RVNFM,vMSC,BSC,HLR-FE-BSP,HLR-FE-IS,HLR-FE,vHLR-FE,IP-STP-BSP,IP-STP,MSC-BC-BSP,MSC-BC-IS, MSC-DB-BSP, MSC-DB, vMSC-HC, vMSC, vIP-STP , Mini-link-669X, Mini-link-665X, Mini-link6366, Mini-link-CN210, Mini-link-CN510R1, Mini-link-CN510R2, Mini-link-CN810R1, Mini-link-CN810R2
A9: Y | B9: SHM-3.32 | C9: CBT01-02-BB6648 | T9: GUI-SHM-00-3.32.robot | U9: Export Software Inventory Data | V9: GUI | W9: No | Y9: All type of Nodes are supported except vMME(IPv6), Baseband T Node(IPv6), SAPC, PicoRBS6402(IPv6)CSCF/vCSCF(IPv6),MTAS/vMTAS(IPv6),IPWorks/vIPWorks,BGF/vBGF,BSP,vMRF,gNodeBBasebandRadioNode,HSS-FE/vHSS-FE,RVNFMMini-link-669X, Mini-link-665X, Mini-link6366, Mini-link-CN210, Mini-link-CN510R1, Mini-link-CN510R2, Mini-link-CN810R1, Mini-link-CN810R2, MRS, NeLS
A10: Y | B10: SHM-3.33 | C10: CBT01-02-BB6648 | T10: GUI-SHM-00-3.33.robot | U10: Export Hardware Inventory Data | V10: GUI | W10: No | Y10: All type of Nodes are supported except vMME(IPv6), Baseband T Node(IPv6), SAPC, PicoRBS6402(IPv6),CSCF/vCSCF(IPv6),MTAS/vMTAS(IPv6),IPWorks/vIPWorks,BGF/vBGF,BSP,vMRF,gNodeBBasebandRadioNode,HSS-FE/vHSS-FE,vSD,vPP,RVNFM, vMSC-HC, vMSC, vIP-STP, MRS, NeLS, vTIF
A11: Y | B11: SHM-3.34 | C11: CBT01-02-BB6648 | T11: GUI-SHM-00-3.34.robot | U11: Export License Inventory Data | V11: GUI | W11: No | Y11: All type of Nodes are supported except SGSN-MME, vMME, Baseband T Node, SAPC, PicoRBS6402, CSCF/vCSCF(IPv6),MTAS/vMTAS(IPv6),IPWorks/vIPWorks,BGF/vBGF,BSP,vMRF,Fronthaul6080,gNodeBBasebandRadioNode,HSS-FE/vHSS-FE,vSD,vPP,RVNFM,RNFVO,Fronthaul6020,HPE-NFV-Director, MRS, NeLS, vTIF
A12: Y | B12: SHM-3.19 | C12: BB46 | D12: AGATJOB_restore_backup | T12: GUI-SHM-00-3.19.robot | U12: Restore Backup existing on Node | V12: GUI | W12: Yes | Y12: All type of Nodes are supported except vMME(IPv6), Baseband T Node(IPv6), SAPC, PicoRBS6402(IPv6),JUNIPER-MX, JUNIPER-PTX, JUNIPER-SRX, JUNIPER-vMX, JUNIPER-vSRX,SBG/vSBG(IPv6),CSCF/vCSCF(IPv6),MTAS/vMTAS(IPv6),IPWorks/vIPWorks(IPv6),BGF/vBGF,RNFVO, HSS-FE/vHSS-FE(IPv6),RNFVO,RBS,RNC,HPE-NFV-Director,BSC,HLR-FE-BSP,HLR-FE-IS,HLR-FE,vHLR-FE,IP-STP-BSP,IP-STP,MSC-BC-BSP,MSC-BC-IS, MSC-DB-BSP, MSC-DB, vMSC-HC, vMSC, vIP-STP, MINI-LINK Outdoor(ML-6351, ML-6352, PT-2020, Switch-6391, FrontHaul-6392)
A13: Y | B13: SHM-3.24 | C13: BB46 | D13: TestBackup | T13: GUI-SHM-00-3.24.robot | U13: Delete Job | V13: GUI | W13: No | Y13: All type of Nodes are supported except vMME(IPv6), Baseband T Node(IPv6), SAPC, PicoRBS6402(IPv6),JUNIPER-MX, JUNIPER-PTX, JUNIPER-SRX, JUNIPER-vMX, JUNIPER-vSRX,CSCF/vCSCF(IPv6),MTAS/vMTAS(IPv6),IPWorks/vIPWorks,BGF/vBGF,BSP(IPv6),vMRF,HSS-FE/vHSS-FE(IPv6)
A14: Y | B14: SHM-3.12 | C14: BB46 | T14: GUI-SHM-00-3.12A.robot | U14: SHM View Key Files | V14: GUI | W14: No
A15: Y | B15: SHM-3.37 | C15: BB46 | D15: Housekeeping_job_test | T15: GUI-SHM-00-3.37.robot | U15: Housekeeping of Backups for ECIM based nodes with Shm_Administrator role | V15: GUI | W15: No | Y15: All type of Nodes are supported except MGW,vMME,Baseband T Node(IPv6),SAPC,PicoRBS6402(IPv6), MINI-LINKIndoor,JUNIPER-MX, JUNIPER-PTX, JUNIPER-SRX, JUNIPER-vMX, JUNIPER-Vsrx,CSCF/vCSCF(IPv6),MTAS/vMTAS(IPv6),IPWorks/vIPWorks,BGF/vBGF,BSP,vMRF,HSS-FE/vHSS-FE(IPv6),RNFVO,HPE-NFV-Director,BSC,HLR-FE-BSP,HLR-FE-IS,HLR-FE,vHLR-FE,IP-STP-BSP,IP-STP,MSC-BC-BSP,MSC-BC-IS, MSC-DB-BSP, MSC-DB, vMSC-HC, vMSC, vIP-STPMini-link-669X, Mini-link-665X, Mini-link6366, Mini-link-CN210, Mini-link-CN510R1, Mini-link-CN510R2, Mini-link-CN810R1, Mini-link-CN810R2
A16: Y | B16: GUI-SHM-3.23 | C16: BB40 | D16: Test_Node_Backup | F16: Creation of Node backup | G16: Test_Backup | H16: ECIM | T16: GUI-SHM-00-3.23.robot | U16: Create Node backup (CPP/ECIM) | V16: GUI | W16: No
A17: Y | B17: GUI-SHM-4.1 | C17: BB46 | F17: RadioNode2 | H17: ECIM | T17: GUI-SHM-00-4.1.robot | U17: View software Inventory from CLI (CPP/ECIM) | V17: GUI | W17: No
A18: Y | B18: GUI-SHM-4.2 | C18: BB46 | F18: RadioNode2 | H18: ECIM | T18: GUI-SHM-00-4.2.robot | U18: View Hardware Inventory from CLI (CPP/ECIM) | V18: GUI | W18: No
A19: Y | B19: GUI-SHM-4.3 | C19: BB46 | H19: ECIM | T19: GUI-SHM-00-4.3.robot | U19: View Lincense Inventory from CLI (CPP/ECIM) | V19: GUI | W19: No
A20: Y | B20: GUI-SHM-4.4 | C20: BB46 | H20: ECIM | T20: GUI-SHM-00-4.4.robot | U20: View Backup Inventory from CLI (CPP/ECIM) | V20: GUI | W20: No
A21: Y | B21: GUI-SHM-3.28 | D21: SHM_Node_Backup | T21: GUI-SHM-00-3.28.robot | U21: View Inventory Summary (CPP/ECIM) | V21: GUI | W21: No | X21: Dependent on 3.23
A22: Y | B22: GUI-SHM-3.25 | C22: BB40 | D22: Delete_Backup_Job | G22: Test_Backup | T22: GUI-SHM-03-3.25.robot | U22: Delete software backup | V22: GUI | W22: No | X22: Dependent on 3.28 and 3.23
A23: Y | B23: GUI-SHM-4.11 | C23: CBT01-02-BB6648 | D23: Test_Node_Backup_CLI | G23: Test_Backup | H23: ECIM | I23: Immediate | R23: save_search | S23: collection_name | T23: GUI-SHM-00-4.11.robot | U23: backup job from CLI (CPP/ECIM) (Please read the node in status column) | V23: GUI | W23: No
A24: Y | B24: GUI-SHM-4.8 | C24: BB46 | D24: Test_Node_Backup_JOB_CLI | G24: Test_Backup | H24: ECIM | I24: Schedule | R24: shmsavesearch | S24: collection_name | T24: GUI-SHM-00-4.8.robot | U24: backup job from CLI (CPP/ECIM) (Please read the node in status column) | V24: GUI | W24: No
A25: Y | B25: GUI-SHM-3.35 | C25: LTE04dg2ERBS00001 | D25: Test_Backup | F25: Creation of Node backup | G25: TestNode_ECIM | T25: GUI-SHM-00-3.35.robot | U25: Duplicate backup (ECIM) | V25: GUI | W25: No
A26: Y | B26: GUI-SHM-3.12 | J26: key.zip | T26: GUI-SHM-00-3.12B.robot | U26: Import License Key files | V26: GUI | W26: No
A27: Y | B27: GUI-SHM-4.15 | C27: BB46 | K27: CXP9024418/6 | L27: R80G27 | T27: GUI-SHM-00-4.15.robot | U27: View Upgrade Packages on a Node from CLI | V27: GUI | W27: No
A28: Y | B28: GUI-SHM-4.7 | C28: BB46 | T28: GUI-SHM-00-4.7.robot | U28: Delete Upgrade Packages for nodes from CLI | V28: GUI | W28: Yes
A29: Y | B29: GUI-SHM-3.21 | M29: Software_packagename | T29: GUI-SHM-00-3.21.robot | U29: Delete Software Packages | V29: GUI | W29: No
A30: Y | B30: GUI-SHM-3.29 | C30: BB46 | T30: GUI-SHM-00-3.29.robot | U30: Internal Alarm for any Job Failure | V30: GUI | W30: No
A31: Y | B31: GUI-SHM-3.30 | C31: LTE06ERBS00001 | F31: /ericsson/pib-scripts/etc/ | H31: ERBS | N31: 131.160.99.68 | O31: root | P31: 123shroot | Q31: svc-1-smrsserv | T31: CLI-SHM-00-3.30.robot | U31: Housekeeping of Backup files stored in SMRS | V31: CLI | W31: Yes
A32: Y | B32: SHM_MasterGAT_4.9 | C32: BB46 | T32: ENM05.robot | U32: Activation of unlock from cli for nodes | V32: CLI | W32: Yes | X32: Python based | Y32: All type of Nodes are supported except MGW,Baseband Radio node,SGSN-MME,vMME , Baseband T Node , SAPC, Pico RBS6402, MINI-LINK Indoor(Mini-link-TN,Mini-link-LH),Router6672,JUNIPER-MX, JUNIPER-PTX, JUNIPER-SRX, JUNIPER-vMX, JUNIPER-vSRX,HSS-FE/vHSS-FE,vSD,vPP,RVNFM,Router6x71,RNFVO,Fronthaul6020,VTFRadioNode,Router6274,5GRadioNode,Router6273,HPE-NFV-Director,BSC,HLR-FE-BSP,HLR-FE-IS,HLR-FE,vHLR-FE,IP-STP-BSP,IP-STP,MSC-BC-BSP,MSC-BC-IS, MSC-DB-BSP, MSC-DB, vMSC-HC, vMSC, vIP-STP ,Mini-link-669X, Mini-link-665X, Mini-link6366, Mini-link-CN210, Mini-link-CN510R1, Mini-link-CN510R2, Mini-link-CN810R1, Mini-link-CN810R2, MINI-LINK Outdoor(ML-6351, ML-6352, PT-2020, Switch-6391, FrontHaul-6392), NeLS, vTIF
A33: Y | B33: SHM_MasterGAT_4.5 | C33: BB46 | T33: ENM14.robot | U33: Import Software Packages from CLI | V33: CLI | W33: Yes | X33: Python based | Y33: All type of Nodes are supported except MGW,vMME,Baseband T Node(IPv6),SAPC,PicoRBS6402(IPv6), MINI-LINKIndoor,JUNIPER-MX, JUNIPER-PTX, JUNIPER-SRX, JUNIPER-vMX, JUNIPER-Vsrx,SBG/vSBG(IPv6),CSCF/vCSCF,MTAS/vMTAS(IPv6),IPWorks/vIPWorks,BGF/vBGF,BSP(IPv6),vMRF,HSS-FE/vHSS-FE(IPv6), ,HPE-NFV-Director,BSC,HLR-FE-BSP,HLR-FE-IS,HLR-FE,vHLR-FE,IP-STP-BSP,IP-STP,MSC-BC-BSP,MSC-BC-IS, MSC-DB-BSP, MSC-DB, vMSC-HC, vMSC, vIP-STP,Mini-link-669X, Mini-link-665X, Mini-link6366, Mini-link-CN210, Mini-link-CN510R1, Mini-link-CN510R2, Mini-link-CN810R1, Mini-link-CN810R2, MINI-LINK Outdoor(ML-6351, ML-6352, PT-2020, Switch-6391, FrontHaul-6392),NeLS
A34: Y | B34: SHM_MasterGAT_4.6 | C34: BB46 | T34: ENM13.robot | U34: Import_License_Key_Files_from_CLI | V34: CLI | W34: Yes | X34: Python based | Y34: All type of Nodes are supported except MGW,vMME,Baseband T Node(IPv6),SAPC,PicoRBS6402,MINI-LINKIndoor,JUNIPER-MX, JUNIPER-PTX, JUNIPER-SRX, JUNIPER-vMX, JUNIPER-Vsrx, SBG/vSBG(IPv6),CSCF/vCSCF(IPv6),MTAS/vMTAS(IPv6),IPWorks/vIPWorks,BGF/vBGF,BSP,vMRF,Fronthaul6080,HSS-FE/vHSS-FE,vSD,vPP,RVNFM,RNFVO,Fronthaul6020,HPE-NFV-Director,Mini-link-669X, Mini-link-665X, Mini-link6366, Mini-link-CN210, Mini-link-CN510R1, Mini-link-CN510R2, Mini-link-CN810R1, Mini-link-CN810R2, MINI-LINK Outdoor(ML-6351, ML-6352, PT-2020, Switch-6391, FrontHaul-6392), NeLS, vTIF
A35: Y | B35: GUI-SHM-3.6 | T35: GUI-SHM-00-3.6.robot | U35: Import and View Software Packages | V35: GUI | W35: No
A36: Y | B36: SHM_MasterGAT_4.13 | T36: GUI-SHM-00-4.13.robot | U36: View Job status from CLI | V36: GUI | W36: No | Y36: All type of Nodes are supported except MGW,vMME(IPV6), Baseband T Node , SAPC, Pico RBS6402, MINI-LINK Indoor(Mini-link-TN,Mini-link-LH),Router6672,JUNIPER-MX, JUNIPER-PTX, JUNIPER-SRX, JUNIPER-vMX, JUNIPER-vSRX,SBG/vSBG(IPv6),CSCF/vCSCF(IPv6),MTAS/vMTAS(IPv6),IPWorks/vIPWorks,BGF/vBGF,BSP(IPv6),vMRF,Router6675,HSS-FE/vHSS-FE(IPv6),RVNFM,RNFVO,,HPE-NFV-Director,BSC,HLR-FE-BSP,HLR-FE-IS,HLR-FE,vHLR-FE,IP-STP-BSP,IP-STP,MSC-BC-BSP,MSC-BC-IS, MSC-DB-BSP, MSC-DB, vMSC-HC, vMSC, vIP-STP ,Mini-link-669X, Mini-link-665X, Mini-link6366, Mini-link-CN210, Mini-link-CN510R1, Mini-link-CN510R2, Mini-link-CN810R1, Mini-link-CN810R2, MINI-LINK Outdoor(ML-6351, ML-6352, PT-2020, Switch-6391, FrontHaul-6392),NeLS
A37: Y | B37: SHM_MasterGAT_3.27 | T37: GUI-SHM-00-3.27.robot | U37: Add Job Comments with Shm_Administrator role | V37: GUI | W37: No | Y37: All type of Nodes are supported except vMME(IPv6), Baseband T Node(IPv6), SAPC, PicoRBS6402(IPv6),JUNIPER-MX, JUNIPER-PTX, JUNIPER-SRX, JUNIPER-vMX, JUNIPER-vSRX, CSCF/vCSCF(IPv6),IPWorks/vIPWorks(IPv6),BGF/vBGF,BSP,vMRF,HSS-FE/vHSS-FE(IPv6)
A38: Y | B38: SHM_MasterGAT_3.26 | T38: GUI-SHM-00-3.26.robot | U38: Export Job Logs with Shm_Administrator role | V38: GUI | W38: No | Y38: All type of Nodes are supported except vMME(IPv6), Baseband T Node(IPv6), SAPC, PicoRBS6402(IPv6),JUNIPER-MX, JUNIPER-PTX, JUNIPER-SRX, JUNIPER-vMX, JUNIPER-vSRX,CSCF/vCSCF(IPv6),IPWorks/vIPWorks(IPv6),BGF/vBGF,BSP,vMRF,HSS-FE/vHSS-FE(IPv6)Mini-link-669X, Mini-link-665X, Mini-link6366, Mini-link-CN210, Mini-link-CN510R1, Mini-link-CN510R2, Mini-link-CN810R1, Mini-link-CN810R2

Sheet CMCLI
A1: Execution_Flag | B1: Test Case | C1: Node | D1: NodeType | E1: UserLevel | F1: EnmUrl | G1: Host | H1: UserName | I1: Password | J1: CERT Name | K1: Credentials File Name | L1: FileName | M1: FileType | N1: FDN | O1: Robot_File_Name | P1: Description | Q1: Mode | R1: Service affecting | S1: Comment | T1: Node Support Information
A2: Y | B2: Get and Set Attributes on a Managed Object on NE | C2: BB46 | E2: "TEST" | O2: GUI-CMCLI-00-4.1.robot | P2: Cmedit Get and set [ Update NE attributes from CLI] | Q2: GUI | R2: Yes | S2: Supported by all type of nodes as per GAT document
A3: Y | B3: Create and Delete Managed Objects on NE | C3: BB46 | O3: GUI-CMCLI-00-4.2.robot | P3: Cmedit Create & Delete Commands [ Update NE attributes from CLI] | Q3: GUI | R3: Yes
A4: Y | B4: GUI-CMCLI-8.1 | C4: CBT01-02-BB6648 | D4: ECIM | O4: GUI-CMCLI-00-8.1.robot | P4: Execute a modelled action on a Managed Object | Q4: GUI | R4: No
A5: Y | B5: Bulk Import REST NBI Import file into Live Configuration | F5: enm1.lmf.ericsson.se | G5: 131.160.99.68 | H5: root | I5: 123shroot | J5: ENM_PKI_Root_CA.pem | K5: enmcred.txt | L5: BB46_Node_Userlevel_update.txt | N5: SubNetwork=RadioNode1,ManagedElement=BB46 | O5: CLI-CMCLI-00-9.1.robot | P5: Bulk Import REST NBI Import file into Live Configuration | Q5: CLI | R5: Yes
A6: Y | B6: Import File into Live Configuration | L6: Node_UserLabel_update.txt | M6: dynamic | N6: SubNetwork=RadioNode1,ManagedElement=BB46 | O6: GUI-CMCLI-00-6.1.robot | P6: Import File into Live Configuration | Q6: GUI | R6: Yes
A7: Y | B7: Export CM data in Dynamic format with and without user defined filter and download the export file | L7: UserDefinedFilter.txt | O7: GUI-CMCLI-00-5.2.robot | P7: Export CM data in Dynamic format with and without user defined filter and download the export file | Q7: GUI | R7: No
A8: Y | B8: CMCLI_MasterGAT_3.1 | O8: GUI-CMCLI-00-3.1.robot | P8: Read Modelled Data of a Managed Object | Q8: GUI | R8: No | S8: Supported by all type of nodes as per GAT document
A9: Y | B9: CMCLI_MasterGAT_5.1 | O9: GUI-CMCLI-00-5.1.robot | P9: Export CM data in 3GPP format with and without user defined filter and download the export file | Q9: GUI | R9: No
A10: Y | B10: CMCLI-Custom_01 | O10: GUI-CMCLI-00-Custom-01.robot | P10: Read non-persistent attributes | Q10: GUI | R10: No

Sheet ClientScripting
A1: Execution_Flag | B1: Test Case | C1: Hostname | D1: UserName | E1: Password | F1: Admin_Username | G1: Admin_Password | H1: Client_Host | I1: Client_Username | J1: Client_Password | K1: CERT Name | L1: Credentials File Name | M1: Robot_File_Name | N1: Description | O1: Mode | P1: Service affecting | Q1: Comment | R1: Node Support Information
A2: Y | B2: Host details | C2: 131.160.99.68 | D2: root | E2: 123shroot | F2: Administrator | G2: 123Shroot123Shroot | H2: scp-1-scripting | I2: administrator | J2: TestPassw0rd
A3: Y | B3: CLI-ClientScripting-3-2 | C3: 131.160.99.68 | D3: root | E3: 123shroot | H3: 131.160.100.40 | I3: root | J3: 12shroot | M3: CLI-ClientScripting-00-3.2.robot | N3: Install ENM Scripting Support Library | O3: CLI | P3: Yes | Q3: Dependent On GUI-ClientScripting-00-3.1.robot | R3: Node independent
A4: Y | B4: CLI-ClientScripting-3-7 | C4: 131.160.99.68 | D4: root | E4: 123shroot | H4: scp-1-scripting | I4: administrator | J4: TestPassw0rd | K4: ENM_PKI_Root_CA.pem | L4: enmcred.txt | M4: CLI-ClientScripting-00-3.7.robot | N4: Use ENM Scripting Support Library to execute a simple command using command API and using SSO token for authentication | O4: CLI | P4: No
A5: Y | B5: CLI-ClientScripting-3.3 | M5: CLI-ClientScripting-00-3.3.robot | N5: Use ENM Scripting Support Library to execute a simple command using terminal API | O5: CLI | P5: No
A6: Y | B6: CLI-ClientScripting-3.4 | M6: CLI-ClientScripting-00-3.4.robot | N6: Use ENM Scripting Support Library to execute a simple command using command API | O6: CLI | P6: No
A7: Y | B7: CLI-ClientScripting-3.5 | M7: CLI-ClientScripting-00-3.5.robot | N7: Use ENM Scripting Support Library to execute a command that uploads a file | O7: CLI | P7: No
A8: Y | B8: CLI-ClientScripting-3.6 | M8: CLI-ClientScripting-00-3.6.robot | N8: Use ENM Scripting Support Library to execute a command that downloads a file | O8: CLI | P8: No
A9: Y | B9: CLI-ClientScripting-3.8 | M9: CLI-ClientScripting-00-3.8.robot | N9: Use ENM Scripting Support Library to execute a simple command using command API from VM | O9: CLI | P9: No
A10: Y | B10: CLI-ClientScripting-3.9 | M10: CLI-ClientScripting-00-3.9.robot | N10: Use ENM Scripting Support Library to execute a command that uploads a file from VM | O10: CLI | P10: No
A11: Y | B11: CLI-ClientScripting-3.10 | M11: CLI-ClientScripting-00-3.10.robot | N11: Use ENM Scripting Support Library to execute a command that downloads a file from VM | O11: CLI | P11: No
A12: Y | B12: GUI-ClientScripting-3.1 | M12: GUI-ClientScripting-00-3.1.robot | N12: Download ENM Scripting Support Library | O12: GUI | P12: No

Sheet Configuration Management
A1: Execution_Flag | B1: Test Case | C1: Node | D1: EnmUrl | E1: Host | F1: UserName | G1: Password | H1: CERT Name | I1: Credentials File Name | J1: FileName | K1: FileType | L1: Robot_File_Name | M1: Description | N1: Mode | O1: Service affecting | P1: Comment | Q1: Node Support Information
A2: Y | B2: Configuration Root Request | D2: enm1.lmf.ericsson.se | E2: 131.160.99.68 | F2: root | G2: 123shroot | H2: ENM_PKI_Root_CA.pem | I2: enmcred.txt | L2: CLI-ConfigurationManagement-00-3.1.robot | M2: Configuration Root Request | N2: CLI | O2: No
A3: Y | B3: Bulk Root Request | D3: enm1.lmf.ericsson.se | E3: 131.160.99.68 | F3: root | G3: 123shroot | H3: ENM_PKI_Root_CA.pem | I3: enmcred.txt | L3: CLI-ConfigurationManagement-00-4.1.robot | M3: Bulk Root Request | N3: CLI | O3: No
A4: Y | B4: CM Events NBI non-persistent filter queries | C4: BB46 | D4: enm1.lmf.ericsson.se | E4: 131.160.99.68 | F4: root | G4: 123shroot | H4: ENM_PKI_Root_CA.pem | I4: enmcred.txt | L4: CLI-ConfigurationManagement-00-9.1.robot | M4: CM Events NBI non-persistent filter queries | N4: CLI | O4: No
A5: Y | B5: CM Events NBI Persistent filter queries | D5: enm1.lmf.ericsson.se | E5: 131.160.99.68 | F5: root | G5: 123shroot | H5: ENM_PKI_Root_CA.pem | I5: enmcred.txt | J5: CmNodeHeartbeatSupervision_update_filter.json | L5: CLI-ConfigurationManagement-00-9.2.robot | M5: CM Events NBI Persistent filter queries | N5: CLI | O5: No
A6: Y | B6: Import Dynamic file into live configuration using continue on error | D6: enm1.lmf.ericsson.se | E6: 131.160.99.68 | F6: root | G6: 123shroot | H6: ENM_PKI_Root_CA.pem | I6: enmcred.txt | J6: BB46_Userlevel_update.txt | L6: CLI-ConfigurationManagement-00-5.4.robot | M6: Import Dynamic file into live configuration using continue on error | N6: CLI | O6: Yes | P6: SA depending on imported file content
A7: Y | B7: Revocation for Import command | D7: enm1.lmf.ericsson.se | E7: 131.160.99.68 | F7: root | G7: 123shroot | H7: ENM_PKI_Root_CA.pem | I7: enmcred.txt | J7: revocation.txt | L7: CLI-ConfigurationManagement-00-3.6.robot | M7: Revocation for Import command | N7: CLI | O7: Yes | P7: SA depending on imported file content
A8: N | B8: Export CM data with a User Defined Filter and download | D8: enm1.lmf.ericsson.se | E8: 131.160.99.68 | F8: root | G8: 123shroot | H8: ENM_PKI_Root_CA.pem | I8: enmcred.txt | K8: dynamic | L8: CLI-ConfigurationManagement-00-6.2.robot | M8: Export CM data with a User Defined Filter and download | N8: CLI | O8: No
A9: N | B9: Export CM data in 3GPP format or in Dynamic file format, download export file and remove export job | D9: enm1.lmf.ericsson.se | E9: 131.160.99.68 | F9: root | G9: 123shroot | H9: ENM_PKI_Root_CA.pem | I9: enmcred.txt | K9: dynamic | L9: CLI-ConfigurationManagement-00-6.1.robot | M9: Export CM data in 3GPP format or in Dynamic file format, download export file and remove export job | N9: CLI | O9: No
A10: Y | B10: Get Filter Types | D10: enm1.lmf.ericsson.se | E10: 131.160.99.68 | F10: root | G10: 123shroot | H10: ENM_PKI_Root_CA.pem | I10: enmcred.txt | L10: CLI-ConfigurationManagement-00-7.1.robot | M10: Get Filter Types | N10: CLI | O10: No

Sheet Bulk Configuration
A1: Execution_Flag | B1: Test Case | C1: JobName | D1: ImportFile | E1: Robot_File_Name | F1: Description | G1: Mode | H1: Service affecting | I1: Comment | J1: Node Support Information
A2: Y | B2: GUI-BC-3.1 | C2: Test_hello | D2: BB46.txt | E2: GUI-BC-00-3.1.robot | F2: Create Job & Validate | G2: GUI | H2: NO | I2: Need to import configuration.txt file of the node.
A3: Y | B3: GUI-BC-3.2 | C3: Test_hello | E3: GUI-BC-01-3.2.robot | F3: Job Details and Execute Job | G3: GUI | H3: NO

Sheet Security PKI
A1: Execution_Flag | B1: Test Case | C1: Node | D1: ProfileName | E1: Trusted_CA | F1: EntityName | G1: Entity_Profile | H1: Key_Generation_Algorithm | I1: Common_name | J1: Country_name | K1: Organization | L1: Organization_unit | M1: Hostname | N1: UserName | O1: Password | P1: Bladeinformation | Q1: BladeName | R1: BladeUserName | S1: BladePassword | T1: BladeRootPassword | U1: Robot_File_Name | V1: Description | W1: Mode | X1: Service affecting | Y1: Comment | Z1: Node Support Information
A2: Y | B2: SecurityPKI-7.5 | D2: TestProfile | E2: ENM_External_Entity_CA | U2: GUI-SecurityPKI-00-7.5.robot | V2: Insert new correct trust profile | W2: GUI | X2: No
A3: Y | B3: SecurityPKI-7.13 | F3: TestProfile | G3: ENM_PKI_Root_CA_EP | H3: RSA-2048 | I3: Test | J3: US | K3: Ericsson | L3: Kol | U3: GUI-SecurityPKI-00-7.13.robot | V3: Insert new correct ca entity | W3: GUI | X3: No
A4: Y | B4: SecurityPKI_MasterGAT_4.9 | U4: CLI-SecurityPKI-00-4.9.robot | V4: Southbound HTTP load-balancer base implementation and deployment - IPv4 Ports (This test is apllicable only to Physical ENM) | W4: CLI | X4: No | Z4: Node independent
A5: Y | B5: SecurityPKI_MasterGAT_5.2 | U5: GUI-SecurityPKI-00-5.2.robot | V5: Get Security Level status all NetworkElements | W5: GUI | X5: No | Z5: MRS
A6: Y | B6: SecurityPKI_MasterGAT_6.5 | U6: GUI-SecurityPKI-00-6.5.robot | V6: Credm Web CLI to list existing Services and Certificates | W6: GUI | X6: No | Z6: Node independent
A7: Y | B7: SecurityPKI_MasterGAT_6.6 | U7: GUI-SecurityPKI-00-6.6.robot | V7: Credm Web CLI to list existing Services and Certificates | W7: GUI | X7: No | Z7: Node independent
A8: Y | B8: Host details | M8: 131.160.99.68 | N8: root | O8: 123shroot | P8: SVC-1 | Q8: SCP-1 | R8: litp-admin | S8: 123shroot | T8: 123shroot | U8: CLI-SecurityPKI-00-4.9.robot | V8: Southbound HTTP load-balancer base implementation and deployment - IPv4 Ports (This test is apllicable only to Physical ENM) | W8: CLI | X8: NO | Z8: Node Independent
A9: Y | B9: SecurityPKI_MasterGAT_8.1 | C9: BB46 | U9: ENM06.robot | V9: Node Security commands to get nodes credentials with password encrypted - positive scenarios | W9: CLI | X9: No | Y9: Python based | Z9: CPP,Radio Node,vSAPC,MSRBS V1,FH6080,SBG,CSCF,MTAS,RadioT Node,BSP,DSC,Router6672/75/6274/6x71/6273,(v)IPWorks,VTFRadio Node,5GRadioNode,vPP,HLR-FE/MSC,MRS,UDM/SC/EDA,vTIF,ESC/SCU,FH6020
A10: Y | B10: SecurityPKI_MasterGAT_8.2 | C10: BB46 | U10: ENM07.robot | V10: Node Security commands to get nodes credentials with password encrypted - negative scenarios | W10: CLI | X10: No | Y10: Python based | Z10: CPP,Radio Node,vSAPC,FH6080,SBG,CSCF,MTAS,RadioT Node,VTFRadio Node,5GRadioNode,vPP,HLR-FE/MSC,MRS,UDM/SC/EDA,vTIF,ESC/SCU,vRC,FH6020
A11: Y | B11: SecurityPKI_MasterGAT_8.3 | C11: BB46 | U11: ENM08.robot | V11: Node Security commands to get nodes credentials with password in plain text - positive scenarios | W11: CLI | X11: No | Y11: Python based | Z11: CPP,Radio Node,vSAPC,EPG/VEPG,FH6080,SBG,CSCF,MTAS,RadioT Node,BSP,DSC,Router6672/75/6274/6x71/6273,(v)IPWorks,VTFRadio Node,5GRadioNode,vPP,HLR-FE/MSC,MRS,UDM/SC/EDA,vTIF,ESC/SCU,vRC,FH6020
A12: Y | B12: SecurityPKI_MasterGAT_8.4 | C12: BB46 | U12: ENM09.robot | V12: Node Security commands to get nodes credentials with password in plain text - negative scenarios | W12: CLI | X12: No | Y12: Python based | Z12: CPP,Radio Node,vSAPC,EPG/VEPG,FH6080,SBG,CSCF,MTAS,RadioT Node,VTFRadio Node,5GRadioNode,vPP,HLR-FE/MSC,MRS,UDM/SC/EDA,vTIF,ESC/SCU,vRC,FH6020
A13: Y | B13: SecurityPKI_MasterGAT_10.1 | C13: BB46 | U13: ENM10.robot | V13: Set ciphers and Get ciphers on Com/ECIM nodes | W13: CLI | X13: Yes | Y13: Python based | Z13: Radio Node,Router6672/75/6274/6x71/6273,vTIF,,FH6020
A14: Y | B14: SecurityPKI_MasterGAT_14.2 | C14: BB46 | U14: ENM11.robot | V14: Distribution of LAAD files on the node | W14: GUI | X14: No | Y14: Python based | Z14: MRS

Sheet Network Viewer
A1: Execution_Flag | B1: Test Case | C1: Node | D1: Nodetype | E1: IP address | F1: Security Pass | G1: Latitude | H1: Longitude | I1: Security Password | J1: Node2 | K1: Link Name | L1: Link Desc | M1: Collection Name | N1: Robot_File_Name | O1: Description | P1: Mode | Q1: Service affecting | R1: Comment | S1: Node Support Information
A2: Y | B2: NetworkViewer-MAsterGAT-3.7 | C2: BB46 | N2: GUI-NetworkViewer-00-3.7.robot | O2: Rendering of the alarm state of the node on geographical and logical view | P2: GUI | Q2: No | S2: Supported by all type of nodes as per GAT document
A3: Y | B3: NetworkViewer-MAsterGAT-3.8 | C3: Testnode200 | D3: RadioNode | E3: 90.121.121.103 | F3: abc | I3: abc | N3: GUI-NetworkViewer-00-3.8.robot | O3: Invocation of the Add Node application on geographical view | P3: GUI | Q3: No
A4: Y | B4: NetworkViewer-MAsterGAT-3.9 | C4: Testnode111 | D4: RadioNode | E4: 90.121.121.101 | F4: abc | I4: abc | N4: GUI-NetworkViewer-00-3.9.robot | O4: Invocation of the Delete Node operation on geographical and logical view | P4: GUI | Q4: No
A5: Y | B5: NetworkViewer-MAsterGAT-3.10 | C5: BB46 | N5: GUI-NetworkViewer-00-3.10.robot | O5: Invocation of the Alarm Monitor on selected node on geographical and logical view | P5: GUI | Q5: No
A6: Y | B6: NetworkViewer-MAsterGAT-3.11 | C6: BB46 | N6: GUI-NetworkViewer-00-3.11.robot | O6: Invocation of the Topology Browser application on geographical and logical view | P6: GUI | Q6: No
A7: Y | B7: NetworkViewer-MAsterGAT-3.12 | C7: BB46 | N7: GUI-NetworkViewer-00-3.12.robot | O7: Invocation of the Element Manager application on geographical and logical view | P7: GUI | Q7: No
A8: Y | B8: NetworkViewer-MAsterGAT-3.18 | C8: Testnode521 | D8: RadioNode | E8: 90.121.121.102 | F8: abc | I8: abc | N8: GUI-NetworkViewer-00-3.18.robot | O8: Invocation of the Add Node application in Custom Topology tree | P8: GUI | Q8: No
A9: Y | B9: NetworkViewer-MAsterGAT-3.19 | C9: Testnode222 | D9: RadioNode | E9: 90.121.121.100 | F9: abc | I9: abc | N9: GUI-NetworkViewer-00-3.19.robot | O9: Invocation of the Delete Node operation in Custom Topology tree | P9: GUI | Q9: No
A10: Y | B10: NetworkViewer-MAsterGAT-3.30 | C10: Testnode | N10: GUI-NetworkViewer-00-3.30.robot | O10: Delete all links of a node | P10: GUI | Q10: Yes | S10: Supported only by Normalized Network Elements as per GAT document
A11: Y | B11: NetworkViewer-MAsterGAT-3.14 | C11: BB46 | N11: GUI-NetworkViewer-00-3.14.robot | O11: Invocation of the Alarm Monitor for related nodes on geographical and logical view | P11: GUI | Q11: No
A12: Y | B12: Create a link | C12: BB46 | J12: BB40 | K12: Test_Link | L12: CTAF_TEST_LINK | N12: GUI-NetworkViewer-00-3.26.robot | O12: Create a link | P12: GUI | Q12: No
A13: Y | B13: Delete a link | C13: BB46 | J13: BB40 | K13: Test_Link | L13: CTAF_TEST_LINK | N13: GUI-NetworkViewer-00-3.29.robot | O13: Delete a link | P13: GUI | Q13: No | R13: Dependent on 3.26
A14: Y | B14: Rendering of the applied leaf selection on map view for custom topology tree view | C14: BB46 | M14: GAT_Collection | N14: GUI-NetworkViewer-00-3.24.robot | O14: Rendering of the applied leaf selection on map view for custom topology tree view | P14: GUI | Q14: No
A15: Y | B15: NetworkViewer-MAsterGAT-3.1 | N15: GUI-NetworkViewer-00-3.1.robot | O15: Initial display of network resources | P15: GUI | Q15: No | S15: Supported by all type of nodes as per GAT document
A16: Y | B16: NetworkViewer-MAsterGAT-3.2 | N16: GUI-NetworkViewer-00-3.2.robot | O16: Rendering of the applied selection on geographical view | P16: GUI | Q16: No
A17: Y | B17: NetworkViewer-MAsterGAT-3.3 | N17: GUI-NetworkViewer-00-3.3.robot | O17: Rendering of the applied selection on logical view | P17: GUI | Q17: No
A18: Y | B18: NetworkViewer-MAsterGAT-3.4 | N18: GUI-NetworkViewer-00-3.4.robot | O18: Zooming on the geographical and logical view | P18: GUI | Q18: No
A19: Y | B19: NetworkViewer-MAsterGAT-3.13 | N19: GUI-NetworkViewer-00-3.13.robot | O19: Viewing the relationships between nodes on geographical and logical view | P19: GUI | Q19: No
A20: Y | B20: NetworkViewer-MAsterGAT-3.14 | N20: GUI-NetworkViewer-00-3.14.robot | O20: Invocation of the Alarm Monitor for related nodes on geographical and logical view | P20: GUI | Q20: No
A21: Y | B21: NetworkViewer-MAsterGAT-3.15 | N21: GUI-NetworkViewer-00-3.15.robot | O21: Initial display of network resources for custom topology | P21: GUI | Q21: No
A22: Y | B22: NetworkViewer-MAsterGAT-3.16 | N22: GUI-NetworkViewer-00-3.16.robot | O22: Rendering of the applied node selection on map view for custom topology tree view. | P22: GUI | Q22: No

Sheet NHC
A1: Execution_Flag | B1: Test Case | C1: Node | D1: ProfileName | E1: Description | F1: Labels | G1: ReportDesc | H1: NodeType | I1: ReportName | J1: Health Check Category | K1: Hostname | L1: UserName | M1: Password | N1: Bladeinformation | O1: BladeName | P1: BladeUserName | Q1: BladePassword | R1: BladeRootPassword | S1: Robot_File_Name | T1: Description | U1: Mode | V1: Service affecting | W1: Comment | X1: Node Support Information
A2: Y | B2: NHC-4.1 | C2: BB46 | I2: CTAF-NHC-REPORT | J2: PRE_UPGRADE | S2: GUI-NHC-01-4.1.robot | T2: Create Node Health Check Reports with Nhc_Administrator role | U2: GUI | V2: No
A3: Y | B3: NHC-4.5 | I3: CTAF-NHC-REPORT | S3: GUI-NHC-02-4.5.robot | T3: Delete Node Health Check reports with Nhc_Administrator | U3: GUI | V3: No
A4: Y | B4: NHC-4.2 | D4: Health_check_profile_gat | I4: Report_Gat_testing | S4: GUI-NHC-02-4.2.robot | T4: View Health Check Reports with Nhc_Administrator/Nhc_Operator role | U4: GUI | V4: No
A5: Y | B5: NHC-4.9 | D5: Health_check_profile_gat | E5: Gat Testing | F5: POSTUPGRADE | H5: ERBS | S5: GUI-NHC-00-4.9.robot | T5: View Health Check Profile with Nhc_Administrator and Nhc_Operator role | U5: GUI | V5: No
A6: Y | B6: NHC-4.11 | C6: CBT01-02-BB6648 | D6: Health_check_profile_gat | G6: Gat Testing | I6: Report_Gat_testing | S6: GUI-NHC-01-4.11.robot | T6: Create Health Check Profile with Nhc_Administrator role | U6: GUI | V6: No
A7: Y | B7: Context Based Help | S7: GUI-NHC-00-3.9.robot | T7: Context Based Help | U7: GUI | V7: No
A8: Y | B8: Deleting Acceptance Criteria | S8: GUI-NHC-00-3.10.robot | T8: Deleting Acceptance Criteria | U8: GUI | V8: No
A9: Y | B9: NHC Reports Housekeeping | K9: 131.160.99.68 | L9: root | M9: 123shroot | N9: svc-1-shmcoreserv | O9: SCP-1 | P9: litp-admin | Q9: 123shroot | R9: 123shroot | S9: CLI-NHC-00-4.3.robot | T9: NHC Reports Housekeeping | U9: CLI | V9: No
A10: Y | B10: ENM01 | C10: BB46 | S10: ENM01.robot | T10: Run NHC with Default Acceptance Criteria | U10: CLI | V10: No | W10: Python based | X10: Macro ERBS , Micro ERBS , RBS
A11: Y | B11: ENM02 | C11: BB46 | S11: ENM02.robot | T11: Run NHC with Custom Acceptance Criteria | U11: CLI | V11: No | W11: Python based
A12: Y | B12: ENM03 | C12: BB46 | S12: ENM03.robot | T12: Deleting Acceptance Criteria | U12: CLI | V12: No | W12: Python based | X12: Macro ERBS , Micro ERBS , RBS , MGW
A13: Y | B13: ENM04 | C13: BB46 | S13: ENM04.robot | T13: Run NHC Comparison | U13: CLI | V13: No | W13: Python based | X13: Node independent

Sheet Topology Browser
A1: Execution_Flag | B1: Test Case | C1: Node | D1: SubNetwork | E1: Operator_Role_Username | F1: Operator_Role_Password | G1: Robot_File_Name | H1: Description | I1: Mode | J1: Service affecting | K1: Node Support Information
A2: Y | B2: Run Node HealthCheck | C2: BB46 | G2: GUI-TopologyBrowser-00-Custom-3.7.robot | H2: Action Bar Launch Tests: - Run Node HealthCheck (*Except BSC) | I2: GUI | J2: No | K2: Mostly Supported by all type of nodes , in case of any node type incompatibility please check GAT document for respective TC.
A3: Y | B3: View Cells | C3: BB46 | G3: GUI-TopologyBrowser-00-Custom-3.8.robot | H3: Action Bar Launch Tests: - View Cells (*Except BSC) | I3: GUI | J3: No
A4: Y | B4: Launch Element Manager | C4: BB46 | G4: GUI-TopologyBrowser-00-Custom-3.9.robot | H4: Action Bar Launch Tests: - Launch Element Manager | I4: GUI | J4: No
A5: Y | B5: Launch AMOS | C5: BB46 | G5: GUI-TopologyBrowser-00-Custom-3.10.robot | H5: Action Bar Launch Tests: - Launch AMOS | I5: GUI | J5: No
A6: Y | B6: Launch Node CLI | C6: BB46 | G6: GUI-TopologyBrowser-00-Custom-3.11.robot | H6: Action Bar Launch Tests: - Launch Node CLI | I6: GUI | J6: No
A7: Y | B7: Monitor alarms and node ,view inventories,software,hardware,License and Backup | C7: BB46 | G7: GUI-TopologyBrowser-00-Custom-3.12.robot | H7: Action Bar Launch Tests: - Monitor Alarms - Monitor This Node - View SW Inventory - View Licence Inventory - View Hardware Inventory - View Backup Inventory | I7: GUI | J7: No
A8: Y | B8: FDN Search using Topology | C8: BB46 | G8: GUI-TopologyBrowser-00-3.6.robot | H8: User can copy and paste FDN path across applications | I8: GUI | J8: No
A9: Y | B9: Show how a user can search for a different object from Topology Browser | C9: BB46 | D9: SubNetwork=NETSIM | G9: GUI-TopologyBrowser-00-3.3.robot | H9: Access to Network Explorer Search from Topology Browser | I9: GUI | J9: No
A10: Y | B10: Operator User can’t edit Attributes | E10: CTAF_TP_Operator | F10: Ctaf@TP1235 | G10: GUI-TopologyBrowser-00-3.4.robot | H10: Operator User can’t edit Attributes | I10: GUI | J10: No
A11: Y | B11: View Tree | G11: GUI-TopologyBrowser-00-3.1.robot | H11: View Tree | I11: GUI | J11: No
A12: Y | B12: View Network Elements Attributes | G12: GUI-TopologyBrowser-00-3.2.robot | H12: View Network Elements Attributes | I12: GUI | J12: No
A13: Y | B13: Administrator User can edit Attributes | G13: GUI-TopologyBrowser-00-3.5.robot | H13: Administrator User can edit Attributes | I13: GUI | J13: No
I23: =COUNTIF(I2:I13,"GUI") -> 12 | J23: =COUNTIF(J10:J22,"Yes") -> 0
I24: =COUNTIF(I2:I5,"CLI") -> 0

Sheet AutoID
A1: Execution_Flag | B1: Test Case | C1: Node | D1: Name | E1: Robot_File_Name | F1: Description | G1: Mode | H1: Service affecting | I1: Comment | J1: Node Support Information
A2: Y | B2: Create a Manual Profile | C2: BB46 | E2: GUI-AIA-00-3.2.robot | F2: Create a Manual Profile | G2: GUI | H2: No | J2: Mostly Supported by all type of nodes , in case of any node type incompatibility please check GAT document for respective TC.
A3: Y | B3: Create a Topology Group Range | C3: BB46 | D3: CTAF_Testing | E3: GUI-AIA-00-3.19.robot | F3: Create a Topology Group Range | G3: GUI | H3: No
A4: Y | B4: Launch Automatic ID Management from ENM launcher | E4: GUI-AIA-00-3.1.robot | F4: Launch Automatic ID Management from ENM launcher | G4: GUI | H4: No
A5: Y | B5: Perform a Manual Check Operation | E5: GUI-AIA-00-3.3.robot | F5: Perform a Manual Check Operation | G5: GUI | H5: No | I5: Dependent on GUI-AIA-00-3.2.robot

Sheet Parameter Management
A1: Execution_Flag | B1: Test Case | C1: NodeType | D1: Node | E1: Original Parameter Value | F1: Modified Parameter Value | G1: Robot_File_Name | H1: Description | I1: Mode | J1: Service affecting | K1: Node Support Information
A2: Y | B2: GUI-CPM-3.1 | C2: RadioNode | D2: BB46 | E2: RadioNode | F2: Test | G2: GUI-CPM-00-3.1.robot | H2: View and modify the parameters | I2: GUI | J2: No | K2: Mostly Supported by all type of nodes , in case of any node type incompatibility please check GAT document for respective TC.
A3: Y | B3: GUI-CPM-3.2 | C3: RadioNode | E3: RadioNode | F3: Test | G3: GUI-CPM-00-3.2.robot | H3: Modify multiple parameters on an MO class in Parameter Management GUI and save changes to | I3: GUI | J3: No
A4: Y | B4: GUI-CPM-3.3 | C4: RadioNode | G4: GUI-CPM-00-3.3.robot | H4: View parameters on an MO class in Parameter Management GUI using a Collection | I4: GUI | J4: No
A5: Y | B5: GUI-CPM-3.4 | C5: RadioNode | D5: BB46 | G5: GUI-CPM-00-3.4.robot | H5: View parameters on an MO class in Parameter Management GUI using an Unsaved Search | I5: GUI | J5: No

Sheet FMX
A1: Execution_Flag | B1: Test Case | C1: module_name | D1: Parameter_value | E1: Host | F1: UserName | G1: Password | H1: FMX VM Name | I1: ImportFileName | J1: Robot_File_Name | K1: Description | L1: Mode | M1: Service affecting | N1: Comment | O1: Node Support Information
A2: Y | B2: List Loaded modules-FMX CLI | E2: 131.160.99.68 | F2: root | G2: 123shroot | H2: svc-2-fmx | J2: CLI-FMX-00-3.2.6.robot | K2: List Loaded modules-FMX CLI | L2: CLI | M2: No | O2: Mostly Supported by all type of nodes , in case of any node type incompatibility please check GAT document for respective TC.
A3: Y | B3: FMX-3.1.18 | C3: RNX_HealthCheck | J3: GUI-FMX-00-3.1.18.robot | K3: View module parameters | L3: GUI | M3: No
A4: Y | B4: FMX-3.1.19 | C4: RNX_HealthCheck | D4: 18 | J4: GUI-FMX-00-3.1.19.robot | K4: Edit module parameters | L4: GUI | M4: No
A5: Y | B5: FMX-3.1.20 | C5: RNX_HealthCheck | J5: GUI-FMX-00-3.1.20.robot | K5: View module statistics | L5: GUI | M5: No
A6: Y | B6: FMX-3.1.21 | C6: RNX_HealthCheck | J6: GUI-FMX-00-3.1.21.robot | K6: Export module statistics to CSV file | L6: GUI | M6: No
A7: Y | B7: FMX-3.1.22 | C7: RNX_HealthCheck | J7: GUI-FMX-00-3.1.22.robot | K7: Deactivate rule module | L7: GUI | M7: No | N7: Dependent on 3.1.13
A8: Y | B8: FMX-3.1.23 | C8: RNX_HealthCheck | J8: GUI-FMX-00-3.1.23.robot | K8: Unload rule module | L8: GUI | M8: No | N8: Dependent on 3.1.22
A9: Y | B9: Upload module into Export | I9: SimpleModule2-1.1.fmx,wait5n10-1.0.fmx | J9: GUI-FMX-01-3.1.9.robot | K9: Upload module into Export | L9: GUI | M9: No
A10: Y | B10: Import module into Archive | C10: SimpleModule2 | J10: GUI-FMX-02-3.1.10.robot | K10: Import module into Archive | L10: GUI | M10: No | N10: Dependent On 3.1.9
A11: Y | B11: Load modules into Engine | C11: SimpleModule2 | J11: GUI-FMX-03-3.1.11.robot | K11: Load modules into Engine | L11: GUI | M11: No | N11: Dependent On 3.1.10
A12: Y | B12: Start the rule trace | J12: GUI-FMX-00-3.1.12.robot | K12: Start the rule trace | L12: GUI | M12: No
A13: Y | B13: Activate rule module | C13: RNX_HealthCheck | J13: GUI-FMX-00-3.1.13.robot | K13: Activate rule module | L13: GUI | M13: No
A14: Y | B14: Verify rule trace | C14: RNX_HealthCheck | J14: GUI-FMX-00-3.1.14.robot | K14: Verify rule trace | L14: GUI | M14: No | N14: Dependent On 3.1.12
A15: Y | B15: List Loaded modules-FMX | J15: GUI-FMX-00-3.1.6.robot | K15: List Loaded modules-FMX | L15: GUI | M15: No
A16: Y | B16: List Modules Export | J16: GUI-FMX-00-3.1.7.robot | K16: List Modules Export | L16: GUI | M16: No
A17: Y | B17: List Modules Archive | J17: GUI-FMX-00-3.1.8.robot | K17: List Modules Archive | L17: GUI | M17: No
A18: Y | B18: Stop the rule trace | J18: GUI-FMX-00-3.1.15.robot | K18: Stop the rule trace | L18: GUI | M18: No
A19: Y | B19: Export rule trace to CSV file | J19: GUI-FMX-00-3.1.16.robot | K19: Export rule trace to CSV file | L19: GUI | M19: No
A20: Y | B20: Clear the rule trace | J20: GUI-FMX-00-3.1.17.robot | K20: Clear the rule trace | L20: GUI | M20: No
M21: =COUNTIF(M2:M20,"Yes") -> 0

Sheet Cell Management
A1: Execution_Flag | B1: Test Case | C1: Node | D1: Robot_File_Name | E1: Description | F1: Mode | G1: Service affecting | H1: Comments | I1: Node Support Information
A2: Y | B2: Read EUtranCell/UtranCell/GeranCell/NR Cell data for an LTE/WCDMA/GSM/NR node | C2: BB46 | D2: GUI-CellManagement-00-3.2.1.robot | E2: Read EUtranCell/UtranCell/GeranCell/NR Cell data for an LTE/WCDMA/GSM/gNodeB Baseband node | F2: GUI | G2: No | I2: Mostly Supported by all type of nodes , in case of any node type incompatibility please check GAT document for respective TC.
A3: Y | B3: Lock cell | C3: CBT01-02-BB6648 | D3: GUI-CellManagament-01-Custom-3.1.robot | E3: Lock cell | F3: GUI | G3: Yes
A4: Y | B4: Unlock cell | C4: CBT01-02-BB6648 | D4: GUI-CellManagament-02-Custom-3.2.robot | E4: Unlock cell | F4: GUI | G4: Yes
A5: Y | B5: View Relation | C5: CBT01-02-BB6648 | D5: GUI-CellManagement-00-Custom-3.3.robot | E5: View Relations | F5: GUI | G5: No
A6: Y | B6: Launch Cell Management GUI | D6: GUI-CellManagement-00-3.1.7.robot | E6: Launch Cell Management GUI | F6: GUI | G6: No

Sheet LV
A1: Execution_Flag | B1: Test Case | C1: Node | D1: Robot_File_Name | E1: Description | F1: Mode | G1: Service affecting | H1: Comment | I1: Node Support Information
A2: Y | B2: GUI-LogViewer-04 | C2: BB46 | D2: GUI-LogViewer-00-Custom-04.robot | E2: Correlate logs from ENM | F2: GUI | G2: No | I2: Mostly Supported by all type of nodes , in case of any node type incompatibility please check GAT document for respective TC.
A3: Y | B3: View Latest Logs | D3: GUI-LogViewer-00-3.1.robot | E3: View Latest Logs | F3: GUI | G3: No
A4: Y | B4: View Log details in Details Panel | D4: GUI-LogViewer-00-3.2.robot | E4: View Log details in Details Panel | F4: GUI | G4: No
A5: Y | B5: View Logs filtered by timestamp | D5: GUI-LogViewer-00-3.3.robot | E5: View Logs filtered by timestamp | F5: GUI | G5: No
A6: Y | B6: View Logs filtered by Severity | D6: GUI-LogViewer-00-3.4.robot | E6: View Logs filtered by Severity | F6: GUI | G6: No
A7: Y | B7: Configure Columns displayed on Log Viewer | D7: GUI-LogViewer-00-3.5.robot | E7: Configure Columns displayed on Log Viewer | F7: GUI | G7: No
A8: Y | B8: Launch of online ‘Help’ from Log Viewer | D8: GUI-LogViewer-00-3.6.robot | E8: Launch of online ‘Help’ from Log Viewer | F8: GUI | G8: No
A9: Y | B9: Switch To Search Box | D9: GUI-LogViewer-00-3.7.robot | E9: Switch To Search Box | F9: GUI | G9: No
A10: Y | B10: Export | D10: GUI-LogViewer-00-3.8.robot | E10: Export | F10: GUI | G10: No

Sheet IDAM
A1: Execution_Flag | B1: Test Case | C1: ImportFileName | D1: Password | E1: NewPassword | F1: FinalPassword | G1: UserName | H1: Password | I1: Email | J1: DescriptionName | K1: Robot_File_Name | L1: Description | M1: Mode | N1: Service affecting | O1: Comments | P1: Node Support Information
A2: Y | B2: user can change own password | D2: Er1c550n@1234568 | E2: Er1c550n@1234568 | F2: Er1c550n@1234568 | G2: GAT_user1234 | K2: GUI-IDAM-02-3.11.robot | L2: User Management - User can change his/her password | M2: GUI | N2: No | O2: Dependent on 3.04 | P2: Node independent
A3: Y | B3: change a user's password | D3: Er1c550n@1234568 | E3: Er1c550n@1234568 | F3: Er1c550n@1234568 | G3: GAT_user1234 | K3: GUI-IDAM-03-3.7.robot | L3: User Management - Change a User’s password | M3: GUI | N3: No | O3: Dependent on 3.11
A4: Y | B4: Update Existing User information | G4: GAT_user1234 | I4: efg.ijk@ericsson.com | K4: GUI-IDAM-04-3.5.robot | L4: User Management - Update Existing User information | M4: GUI | N4: No | O4: Dependent on 3.04
A5: Y | B5: Check User Management page | D5: Er1c550n@1234568 | G5: GAT_user1234 | K5: GUI-IDAM-03-3.9.robot | L5: User Management - Created User without SECURITY_ADMIN role cannot access User Management page. | M5: GUI | N5: No
A6: Y | B6: View user profile | D6: Er1c550n@1234568 | G6: GAT_user1234 | K6: GUI-IDAM-06-3.10.robot | L6: User Management - User can view his/her profile | M6: GUI | N6: No | O6: Dependent on 3.04
A7: Y | B7: Modify a traget group | J7: BB46 | K7: GUI-IDAM-15-3.27.robot | L7: Target Group Management UI - Assign/Unassign target to/from a target group | M7: GUI | N7: No
A8: Y | B8: Assign targets using saved searches | J8: BB46 | K8: GUI-IDAM-17-3.29.robot | L8: Target Group Management UI - Assign target to target group (using saved searches) | M8: GUI | N8: No
A9: Y | B9: Create Role | J9: AContractor_role1 | K9: GUI-IDAM-11-3.12.robot | L9: Role Management - Create a Role | M9: GUI | N9: No
A10: Y | B10: Update existing Role information | J10: AContractor_role1 | K10: GUI-IDAM-12-3.18.robot | L10: Role Management - Update existing Role information | M10: GUI | N10: No | O10: Dependent on 3.12
A11: Y | B11: Update existing User information for customized Password Ageing | G11: GAT_user1234 | K11: GUI-IDAM-02-3.24.robot | L11: User Management - Update existing User information for customized Password Ageing | M11: GUI | N11: No | O11: Dependent on 3.04
A12: Y | B12: Delete User | G12: GAT_user1234 | K12: GUI-IDAM-10-3.22.robot | L12: User Management - Delete a user | M12: GUI | N12: No
A13: Y | B13: Delete Role | J13: AContractor_role1 | K13: GUI-IDAM-14-3.21.robot | L13: Role Management - Delete Role | M13: GUI | N13: No
A14: Y | B14: Edit Multiple Users | G14: GAT_user1234 | I14: efg.ijk@ericsson.com | J14: Testing ENM | K14: GUI-IDAM-09-3.16.robot | L14: User Management – Edit Multiple Users | M14: GUI | N14: No | O14: Dependent on 3.04
A15: Y | B15: Import users from XML file | C15: createuser.xml | K15: GUI-IDAM-00-3.26.robot | L15: Mass-modification users’ data – Import users from XML file | M15: GUI | N15: Yes
A16: Y | B16: System Security Configuration – Modify Password Policies | K16: GUI-IDAM-01-3.1.robot | L16: System Security Configuration – Modify Password Policies | M16: GUI | N16: No
A17: Y | B17: User Management - Create a User | K17: GUI-IDAM-02-3.04.robot | L17: User Management - Create a User | M17: GUI | N17: No
A18: Y | B18: Target Group Management - Create Target Group | K18: GUI-IDAM-25-3.13.robot | L18: Target Group Management - Create Target Group | M18: GUI | N18: No
A19: Y | B19: Role Management - Use Filters to search for Roles | K19: GUI-IDAM-13-3.19.robot | L19: Role Management - Use Filters to search for Roles | M19: GUI | N19: No
A20: Y | B20: System Security Configuration – Deactivate the Logon Successful screen | K20: GUI-IDAM-19-3.2.robot | L20: System Security Configuration – Deactivate the Logon Successful screen | M20: GUI | N20: No
A21: Y | B21: Mass-modification users’ data – Export selected users to an XML file | K21: GUI-IDAM-18-3.25.robot | L21: Mass-modification users’ data – Export selected users to an XML file | M21: GUI | N21: No
A22: Y | B22: Target Group Management UI - Assign target to target group (using collections) | K22: GUI-IDAM-16-3.28.robot | L22: Target Group Management UI - Assign target to target group (using collections) | M22: GUI | N22: No
A23: Y | B23: User Management - User can be created with consecutive characters password policy functionality enabled | K23: GUI-IDAM-20-3.32.robot | L23: User Management - User can be created with consecutive characters password policy functionality enabled | M23: GUI | N23: No
A24: Y | B24: User Management - Use Filters to search for Users/Demonstrate how to search users with the filters provided on the Users table | K24: GUI-IDAM-05-3.6.robot | L24: User Management - Use Filters to search for Users/Demonstrate how to search users with the filters provided on the Users table | M24: GUI | N24: No
A25: Y | B25: Configurable Login Lock | K25: GUI-IDAM-00-3.3.robot | L25: Configurable Login Lock | M25: GUI | N25: No
A26: Y | B26: Created User can login for the first time | K26: GUI-IDAM-00-3.8.robot | L26: Created User can login for the first time | M26: GUI | N26: No
A27: Y | B27: Assign a Role and a Target Group to User | K27: GUI-IDAM-00-3.14.robot | L27: Assign a Role and a Target Group to User | M27: GUI | N27: No | O27: Dependent on GUI-IDAM-16-3.28
A28: Y | B28: Unassign a Role and a Target Group to User | K28: GUI-IDAM-00-3.15.robot | L28: Unassign a Role and a Target Group to User | M28: GUI | N28: No | O28: Dependent on GUI-IDAM-16-3.14
A29: Y | B29: Delete Target Group | K29: GUI-IDAM-00-3.17.robot | L29: Delete Target Group | M29: GUI | N29: No
A30: Y | B30: Role Management - Compare two Custom Roles | K30: GUI-IDAM-00-3.20.robot | L30: Role Management - Compare two Custom Roles | M30: GUI | N30: No
A31: Y | B31: Create a User with customized Password Ageing | K31: GUI-IDAM-00-3.23.robot | L31: Create a User with customized Password Ageing | M31: GUI | N31: No
A37: Note: | B37: Enter nodename in "Description" J column in row no 7 & 8

Sheet WinFIOL
A1: Execution_Flag | B1: Test Case | C1: Node | D1: Robot_File_Name | E1: Description | F1: Mode | G1: Service affecting | H1: Comments | I1: Node Support Information
A2: Y | B2: GUI-WinFIOL-3.1 | D2: GUI-WinFIOL-00-3.1.robot | E2: Launch WinFIOL CLI from ENM launcher | F2: GUI | G2: No

Sheet PLM
A1: Execution_Flag | B1: Test Case | C1: Node1 | D1: Node2 | E1: Robot_File_Name | F1: Description | G1: Mode | H1: Service affecting | I1: Comments | J1: Node Support Information
A2: Y | B2: GUI-PLM-00-3.2 | C2: BB46 | D2: BB6630 | E2: GUI-PLM-00-3.2.robot | F2: List Links | G2: GUI | H2: No | J2: Node Independent

Sheet High Availability
A1: Execution_Flag | B1: Test Case | C1: Hostname | D1: UserName | E1: Password | F1: BladeName | G1: Robot_File_Name | H1: Description | I1: Mode | J1: Service affecting | K1: Comments | L1: Node Support Information
A2: Y | B2: Terminate the HTTPD process running | C2: 131.160.99.68 | D2: root | E2: 123shroot | F2: svc-1-httpd | G2: CLI-HA-00-3.1.robot | H2: Terminate the HTTPD process running | I2: CLI | J2: No | L2: Supported by all type of nodes as per GAT document

Sheet Auto Provisioning
A1: Execution_Flag | B1: Test Case | C1: Profile | D1: ProjectName | E1: Node | F1: UserLevel | G1: NeType | H1: Robot_File_Name | I1: Description | J1: Mode | K1: Service affecting | L1: Comments | M1: Node Support Information
A2: Y | B2: Modify Profile from Project | C2: test | H2: GUI-AP-00-3.8.16.robot | I2: Modify Profile from Project | J2: GUI | K2: No
A3: Y | B3: Delete Profile from Project | C3: test | H3: GUI-AP-00-3.8.17.robot | I3: Delete Profile from Project | J3: GUI | K3: No | L3: Dependent on GUI-AP-00-3.8.16.robot
A4: Y | B4: GUI-AP-3.9.2 | D4: FENGSEL1_BBU_04 | H4: GUI-AP-00-3.9.2.robot | I4: View Project and Nodes Details | J4: GUI | K4: No
A5: Y | B5: GUI-AP-3.9.5 | D5: FENGSEL1_BBU_04 | H5: GUI-AP-00-3.9.5.robot | I5: Download Ordered Artifact | J5: GUI | K5: No
A6: Y | B6: GUI-AP-3.9.9 | D6: FENGSEL1_BBU_04 | H6: GUI-AP-00-3.9.9.robot | I6: Download Initial Node Artifacts | J6: GUI | K6: No
A7: Y | B7: GUI-AP-3.9.10 | G7: ERBS | H7: GUI-AP-00-3.9.10.robot | I7: Download Node Sample and Schema Files Artifacts | J7: GUI | K7: No
A8: Y | B8: On-line and Command Line Help | H8: GUI-AP-00-3.9.11.robot | I8: On-line and Command Line Help | J8: GUI | K8: No

Sheet User Management
A1: Execution_Flag | B1: Test Case | C1: Profile | D1: Robot_File_Name | E1: Description | F1: Mode | G1: Service affecting | H1: Comments | I1: Node Support Information
A2: Y | B2: Capability to view/update parameters for CM application | C2: test_um | D2: GUI-UM-00-Custom-01.robot | E2: Capability to view/update parameters for CM application CM_APP_Param | F2: GUI | G2: No

Sheet CM Add and Synchronize Node
A1: Execution_Flag | B1: Test Case | C1: Node | D1: NeType | E1: PlatformType | F1: OssPrefix | G1: NameSpace1 | H1: Version1 | I1: CppConnectivityInformation | J1: IP | K1: Port | L1: NameSpace2 | M1: Version2 | N1: Robot_File_Name | O1: Description | P1: Mode | Q1: Service affecting | R1: Comments | S1: Node Support Information
A2: Y | B2: Create required Managed Objects for CM features | C2: Dummynode2 | D2: ERBS | E2: CPP | F2: SubNetwork=WCDMA,SubNetwork=NodeB,MeContext=DTESZT4u2 | G2: OSS_NE_DEF | H2: U.4.1240 | I2: 1 | J2: 10.244.82.197 | K2: 80 | L2: CPP_MED | M2: 1.0.0 | N2: GUI-CM-00-3.1.robot | O2: Create required Managed Objects (MO) for CM features | P2: GUI | Q2: Yes | S2: Supported by all type of nodes as per GAT document
A3: Y | B3: Start CM Supervision and Sync a Node | C3: BB46 | D3: RadioNode | N3: GUI-CM-00-3.2.robot | O3: Start CM Supervision and Sync a Node | P3: GUI | Q3: Yes
A4: Y | B4: Delete Node | C4: Dummynode2 | N4: GUI-CM-00-4.1.robot | O4: Delete Node | P4: GUI | Q4: Yes

Sheet PMIC
A1: Execution_Flag | B1: Test Case | C1: Nodename | D1: SubscriptionName | E1: Information | F1: SubscriptionDesc | G1: Counter | H1: ROP | I1: NodeType | J1: startRopTimeInOss | K1: endRopTimeInOss | L1: Org_UE_Fraction | M1: Events | N1: TriggerEvents | O1: cf_value | P1: db_value | Q1: rb_value | R1: SI_value | S1: ST_value | T1: LmsHostname | U1: LmsUserName | V1: LmsPassword | W1: ScriptingHost | X1: ScriptingUserName | Y1: Robot_File_Name | Z1: Description | AA1: Mode | AB1: Service affecting | AC1: Comments | AD1: Node Support Information
A2: Y | B2: Create Statistical Subscription | C2: BB47 | D2: CSC_Testing1 | F2: GAT testing1 | G2: AdmissionControl | Y2: GUI-PM-00-3.3.1.robot | Z2: Create Statistical Subscription | AA2: GUI | AB2: No | AD2: All type of Nodes are supported except EPG, vEPG,(v)WMG, FH6080, FH6020, TCU02, SIU02,PCC,PCG
A3: Y | B3: Edit an Inactive Statistical Subscription | D3: CSC_Testing1 | F3: Descriptionchangepm334 | G3: BatteryBackup | Y3: GUI-PM-00-3.3.3.robot | Z3: Edit an Inactive Statistical Subscription | AA3: GUI | AB3: No
A4: Y | B4: Activate a Statistical Subscription | D4: CSC_Testing1 | Y4: GUI-PM-00-3.3.4.robot | Z4: Activate a Statistical Subscription | AA4: GUI | AB4: No | AC4: Dependent on 3.3.1
A5: Y | B5: Duplicate A Statistical Subscription | D5: CSC_Testing1 | E5: CSC_Testing1_Duplicate | F5: GAT testing1 | Y5: GUI-PM-00-3.3.7.robot | Z5: Duplicate A Statistical Subscription | AA5: GUI | AB5: No | AC5: Dependent on 3.3.1
A6: Y | B6: Deactivate and delete a Statistical Subscription | D6: CSC_Testing1 | Y6: GUI-PM-00-3.3.9.robot | Z6: Deactivate and delete a Statistical Subscription | AA6: GUI | AB6: No | AC6: Dependent on 3.3.4
A7: Y | B7: Create Cell Trace Subscription | C7: BB47 | D7: Test_CellTrace_CREATE_SUBS1 | F7: GAT testing1 | G7: AdmissionControl | Y7: GUI-PM-00-3.4.1.robot | Z7: Create Cell Trace Subscription | AA7: GUI | AB7: No
A8: Y | B8: Statistical Subscription with Criteria | C8: BB47 | D8: Test_Statistical_CREATE_SUBS_with_criteria1 | E8: GAT_TEST | F8: GAT testing1 | G8: CapacityUsage | Y8: GUI-PM-00-3.3.2.robot | Z8: Statistical Subscription with Criteria | AA8: GUI | AB8: No
A9: Y | B9: Create a UE Trace Subscriptions | D9: Test_UE_CREATE_SUBS1 | E9: 12345 | F9: GAT testing1 | Y9: GUI-PM-00-3.8.1.robot | Z9: Create a UE Trace Subscriptions | AA9: GUI | AB9: No | AD9: Atleast one MME-node should be available in ENM
A10: Y | B10: Edit an Inactive UE Trace Subscription | D10: Test_UE_CREATE_SUBS1 | Y10: GUI-PM-00-3.8.2.robot | Z10: Edit an Inactive UE Trace Subscription | AA10: GUI | AB10: No | AC10: Dependent on 3.8.1
A11: Y | B11: Activate a UE Trace Subscription | D11: Test_UE_CREATE_SUBS1 | Y11: GUI-PM-00-3.8.3.robot | Z11: Activate a UE Trace Subscription | AA11: GUI | AB11: No | AC11: Dependent on 3.8.1
A12: Y | B12: Edit an Active UE Trace Subscription | D12: Test_UE_CREATE_SUBS1 | E12: editing active subscription1 | Y12: GUI-PM-00-3.8.4.robot | Z12: Edit an Active UE Trace Subscription | AA12: GUI | AB12: No | AC12: Dependent on 3.8.3
A13: Y | B13: Duplicate a UE Trace Subscription | D13: Test_UE_CREATE_SUBS1 | E13: Test_UE_CREATE_SUBS1_Duplicate | F13: GAT testing1 | Y13: GUI-PM-00-3.8.5.robot | Z13: Duplicate a UE Trace Subscription | AA13: GUI | AB13: No | AC13: Dependent on 3.8.1
A14: Y | B14: Deactivate a UE Trace Subscription | D14: Test_UE_CREATE_SUBS1 | Y14: GUI-PM-00-3.8.6.robot | Z14: Deactivate a UE Trace Subscription | AA14: GUI | AB14: No | AC14: Dependent on 3.8.3
A15: Y | B15: Edit an Active Statistical Subscription | C15: BB47 | D15: CSC_Testing1 | E15: editing active subscription | Y15: GUI-PM-00-3.3.5.robot | Z15: Edit an Active Statistical Subscription | AA15: GUI | AB15: No | AC15: Dependent on 3.3.4 | AD15: Follow GAT document
A16: Y | B16: View PM Node Processes for Active Subscriptions | D16: RadioNode System Defined Statistical Subscription | Y16: GUI-PM-00-3.10.2.robot | Z16: View PM Node Processes for Active Subscriptions | AA16: GUI | AB16: No
A17: Y | B17: Check for Duplicate Counters | C17: BB47;BB41 | D17: CSCF_Duplicate1;CSCF_Duplicate2 | F17: GAT testing_duplicate1;GAT testing_duplicate2 | G17: BatteryBackup;BatteryBackup | Y17: GUI-PM-00-3.3.8.robot | Z17: Check for Duplicate Counters | AA17: GUI | AB17: No | AC17: Dependent on GUI-PM-00-3.3.3
A18: Y | B18: Export Counters or Events | C18: BB47;BB41 | D18: Test Statistical Subs1;Test Statistical Subs2 | F18: GAT testing1;GAT testing2 | G18: BatteryBackup;BatteryBackup | Y18: GUI-PM-00-3.18.1.robot | Z18: Export Counters or Events | AA18: GUI | AB18: No
A19: Y | B19: Edit an Inactive Cell Trace Subscription | C19: BB47;BB40 | D19: Test Cell Trace Subs1;Test Cell Trace Subs2 | F19: GAT testing1;GAT testing2 | G19: BatteryBackup;BatteryBackup | Y19: GUI-PM-00-3.4.3.robot | Z19: Edit an Inactive Cell Trace Subscription | AA19: GUI | AB19: No
A20: Y | B20: Edit an Active Cell Trace Subscription | C20: BB40,BB47 | D20: Test Cell Trace Subs1 | F20: GAT testing1 | G20: BatteryBackup | Y20: GUI-PM-00-3.4.5.robot | Z20: Edit an Active Cell Trace Subscription | AA20: GUI | AB20: No
A21: Y | B21: Remove a Node from an active Cell Trace Subscription | C21: BB47;BB40 | D21: Test Cell Trace Subs1;Test Cell Trace Subs2 | F21: GAT testing1;GAT testing2 | G21: BatteryBackup;BatteryBackup | Y21: GUI-PM-00-3.4.6.robot | Z21: Remove a Node from an active Cell Trace Subscription | AA21: GUI | AB21: No
A22: Y | B22: Add a Node to an Active Subscription | C22: BB40,BB47 | D22: Test Subscription1 | F22: GAT testing1 | G22: BatteryBackup | Y22: GUI-PM-00-3.1.7.robot | Z22: Add a Node to an Active Subscription | AA22: GUI | AB22: No
A23: Y | B23: Remove a Node from an Active Subscription | C23: BB47;BB40 | D23: Test Active Subscription0;Test Active Subcription2 | F23: GAT testing1;GAT testing2 | G23: BatteryBackup;BatteryBackup | Y23: GUI-PM-00-3.1.8.robot | Z23: Remove a Node from an Active Subscription | AA23: GUI | AB23: No
A24: Y | B24: Fetch File Information for PM Subscriptions | C24: BB47;BB40 | H24: 15MIN;15MIN | I24: ERBS;RadioNode | J24: 2:15:00 AM;2:15:00 AM | K24: 2:30:00 AM;2:30:00 AM | Y24: GUI-PM-00-3.13.1.robot | Z24: Fetch File Information for PM Subscriptions | AA24: GUI | AB24: No
A25: Y | B25: System Defined Statistical Subscription | C25: BB47;BB40 | D25: Continuous Cell Trace NRAN;Continuous Cell Trace NRAN | H25: 15MIN;15MIN | I25: RadioNode;RadioNode | Y25: GUI-PM-00-3.12.robot | Z25: System Defined Statistical Subscription | AA25: GUI | AB25: No
A26: Y | B26: Deactivate the Continuous Cell Trace Subscription | D26: Continuous Cell Trace NRAN;Continuous Cell Trace NRAN | Y26: GUI-PM-00-3.9.3.robot | Z26: Deactivate the Continuous Cell Trace Subscription | AA26: GUI | AB26: No
A27: Y | B27: Activate a BSC Recordings Subscription | C27: BSC35 | D27: BSC Recording Subscription | F27: GAT testing1 | H27: 15MIN;15MIN | I27: BSC | Y27: GUI-PM-00-3.24.3.robot | Z27: Activate a BSC Recordings Subscription | AA27: GUI | AB27: No
A28: Y | B28: Edit the Inactive Continuous Cell Trace Subscription | D28: ContinuousCellTraceSubscription | L28: 1000;1000 | Y28: GUI-PM-00-3.9.1.robot | Z28: Edit the Inactive Continuous Cell Trace Subscription | AA28: GUI | AB28: No
A29: Y | B29: Test Role Based Access Control | C29: BB40,BB47 | D29: Test_Statistical_Subscription1,ContinuousCellTraceSubscription | E29: PM_Statistical1 | F29: Testing1 | G29: BatteryBackup | L29: 1000;1000 | Y29: GUI-PM-00-3.17.1.robot | Z29: Test Role Based Access Control | AA29: GUI | AB29: No
A30: Y | B30: Add a Node to ENM belonging to Generic Subscription | C30: BB47 | D30: Test_Subscription2 | F30: GAT testing1 | G30: BatteryBackup | I30: RadioNode | Y30: GUI-PM-00-3.1.14.robot | Z30: Add a Node to ENM belonging to Generic Subscription | AA30: GUI | AB30: No
A31: Y | B31: File Monitoring | C31: BB47 | G31: BatteryBackup | H31: 15 | I31: RadioNode | J31: 06:00;06:00 | K31: 07:00;07:00 | Y31: GUI-PM-00-3.1.5.robot | Z31: File Monitoring | AA31: GUI | AB31: No
A32: Y | B32: Single Rop Recovery on Subscription | C32: BB47 | D32: CSC_Testing1 | Y32: GUI-PM-00-3.1.6.robot | Z32: Single Rop Recovery on Subscription | AA32: GUI | AB32: No | AC32: Dependent on 3.3.1
A33: N | B33: Create an MO Instance Subscription | C33: RNC04RBS01 | D33: CSCF_MO_Testing1 | F33: GAT_Mo_testing1 | G33: Aal0TpVccTp | I33: pmBwLostCells | Y33: GUI-PM-00-3.11.1.robot | Z33: Create an MO Instance Subscription | AA33: GUI | AB33: No | AD33: Node should have Radio units
A34: N | B34: Edit an Inactive MO Instance Subscription | C34: RNC04RBS01 | D34: CSCF_MO_Testing1 | F34: GAT_Mo_testing_edit1 | G34: VpcTp | I34: pmBwErrBlocks | Y34: GUI-PM-00-3.11.2.robot | Z34: Edit an Inactive MO Instance Subscription | AA34: GUI | AB34: No | AC34: Dependent on 3.11.1
A35: N | B35: Duplicate A MO Instance Subscription | D35: CSCF_MO_Testing1 | E35: CSCF_MO_Testing_Duplicate1 | F35: GAT testing_MO1 | Y35: GUI-PM-00-3.11.6.robot | Z35: Duplicate A MO Instance Subscription | AA35: GUI | AB35: No | AC35: Dependent on 3.11.2
A36: N | B36: Create a Cell Traffic Recording Subscription | C36: RNC04;RNC23 | D36: CSCF_CTR_Testing1;CSCF_CTR_Testing2 | F36: GAT_CTR_testing1;GAT_CTR_testing2 | G36: MEASUREMENTS;MEASUREMENTS | H36: NBAP_COMPRESSED_MODE_COMMAND;NBAP_COMPRESSED_MODE_COMMAND | I36: pmBwLostCells;pmBwLostCells | M36: INTERNAL;INTERNAL | N36: NBAP;NBAP | Y36: GUI-PM-00-3.14.1.robot | Z36: Create a Cell Traffic Recording Subscription | AA36: GUI | AB36: No
A37: N | B37: Activate a Cell Traffic Recording Subscription | D37: CSCF_CTR_Testing1;CSCF_CTR_Testing2 | Y37: GUI-PM-00-3.14.3.robot | Z37: Activate a Cell Traffic Recording Subscription | AA37: GUI | AB37: No | AC37: Dependent on 3.14.1
A38: N | B38: Duplicate a Cell Traffic Recording Subscription | D38: CSCF_CTR_Testing1;CSCF_CTR_Testing2 | E38: CSCF_CTR_Testing1_Duplicate;CSCF_CTR_Testing2_Duplicate | F38: GAT_CTR_testing1;GAT_CTR_testing2 | Y38: GUI-PM-00-3.14.6.robot | Z38: Duplicate a Cell Traffic Recording Subscription | AA38: GUI | AB38: No | AC38: Dependent on 3.14.3
A39: N | B39: Deactivate a Cell Traffic Recording Subscription | D39: CSCF_CTR_Testing1;CSCF_CTR_Testing2 | Y39: GUI-PM-00-3.14.7.robot | Z39: Deactivate a Cell Traffic Recording Subscription | AA39: GUI | AB39: No | AC39: Dependent on 3.14.6
A40: N | B40: Create a UETR Subscriptions | C40: RNC04;RNC23 | D40: Test_UETR_CREATE_SUBS1;Test_UETR_CREATE_SUBS2 | E40: 12345;12345 | F40: GAT_testing1;GAT_testing2 | Y40: GUI-PM-00-3.15.1.robot | Z40: Create a UETR Subscriptions | AA40: GUI | AB40: No | AD40: Follow GAT document
A41: N | B41: Get RU Uplink Spectrum Analyzer Capabilities using ULSA CLI Command Set | C41: LTE06ERBS00001 | Y41: GUI-PM-00-3.20.1.robot | Z41: Get RU Uplink Spectrum Analyzer Capabilities using ULSA CLI Command Set | AA41: GUI | AB41: No | AD41: Node should have Radio Units
A42: N | B42: Start Uplink Spectrum Snapshot Sampling and verify File Collection using ULSA CLI Command Set | C42: LTE06ERBS00001 | O42: 682825;682832 | P42: 10;10 | Q42: 10;10 | Y42: GUI-PM-00-3.20.2.robot | Z42: Start Uplink Spectrum Snapshot Sampling and verify File Collection using ULSA CLI Command Set | AA42: GUI | AB42: No
A43: N | B43: Start Snapshot Uplink Spectrum Sampling using Sampling Activities Manager UI | C43: LTE06ERBS00001 | O43: 682825;682832 | P43: 10;10 | Q43: 10;10 | Y43: GUI-PM-00-3.21.1.robot | Z43: Start Snapshot Uplink Spectrum Sampling using Sampling Activities Manager UI | AA43: GUI | AB43: No
A44: N | B44: Start Continuous Uplink Spectrum Sampling using Sampling Activities Manager UI | C44: LTE06ERBS00001 | O44: 682825;682832 | P44: 10;10 | Q44: 10;10 | R44: 10;10 | S44: 120;120 | Y44: GUI-PM-00-3.21.2.robot | Z44: Start Continuous Uplink Spectrum Sampling using Sampling Activities Manager UI | AA44: GUI | AB44: No
A45: N | B45: Start Scheduled Uplink Spectrum Sampling using Sampling Activities Manager UI | C45: LTE06ERBS00001 | O45: 682825;682832 | P45: 10;10 | Q45: 10;10 | T45: 131.160.99.68;131.160.99.68 | U45: root | V45: 123shroot | W45: svc-1-flsserv | X45: cloud-user | Y45: GUI-PM-00-3.21.3.robot | Z45: Start Scheduled Uplink Spectrum Sampling using Sampling Activities Manager UI | AA45: GUI | AB45: No
A46: N | B46: Stop an ongoing Sample Activity using Sampling Activities Manager UI | C46: LTE06ERBS00001 | O46: 682825;682832 | P46: 10;10 | Q46: 10;10 | R46: 10;10 | S46: 120;120 | Y46: GUI-PM-00-3.21.4.robot | Z46: Stop an ongoing Sample Activity using Sampling Activities Manager UI | AA46: GUI | AB46: No | AD46: Follow GAT document
A47: N | B47: View and export Uplink Spectrum Graph of Selected Sample Files | C47: LTE06ERBS00001 | O47: 682825;682832 | P47: 10;10 | Q47: 10;10 | R47: 10;10 | S47: 120;120 | Y47: GUI-PM-00-3.21.5.robot | Z47: View and export Uplink Spectrum Graph of Selected Sample Files | AA47: GUI | AB47: No
A48: Y | B48: Duplicate A Subscription | D48: CSC_Testing1 | E48: CSCF_Testing1_Duplicate | F48: GAT testing1 | Y48: GUI-PM-01-3.1.11.robot | Z48: Duplicate A Subscription | AA48: GUI | AB48: No | AC48: Dependent on 3.3.1
A49: Y | B49: Activate an UETR Subscription | D49: Test_UETR_CREATE_SUBS1;Test_UETR_CREATE_SUBS2 | Y49: GUI-PM-00-3.15.3.robot | Z49: Activate an UETR Subscription | AA49: GUI | AB49: No | AC49: Dependent on 3.15.1
A50: Y | B50: Duplicate a UETR Subscription | D50: Test_UETR_CREATE_SUBS1;Test_UETR_CREATE_SUBS2 | E50: Test_UETR_CREATE_SUBS1_Duplicate;Test_UETR_CREATE_SUBS2_Duplicate | F50: GAT testing;GAT testing | Y50: GUI-PM-00-3.15.6.robot | Z50: Duplicate a UETR Subscription | AA50: GUI | AB50: No | AC50: Dependent on 3.15.1
A51: Y | B51: Deactivate a UETR Subscription | D51: Test_UETR_CREATE_SUBS1;Test_UETR_CREATE_SUBS2 | Y51: GUI-PM-00-3.15.7.robot | Z51: Deactivate a UETR Subscription | AA51: GUI | AB51: No | AC51: Dependent on 3.15.3
A52: N | B52: Create a GPEH Subscription | C52: RNC04;RNC23 | D52: GPEH_Testing1;GPEH_Testing2 | F52: GAT testing1;GAT testing2 | L52: 1000;1000 | M52: 10;INTERNAL | Y52: GUI-PM-00-3.16.1.robot | Z52: Create a GPEH Subscription | AA52: GUI | AB52: No
A53: N | B53: Edit an Inactive GPEH Subscription | C53: RNC04;RNC23 | D53: GPEH_Testing1;GPEH_Testing2 | L53: 500;500 | M53: INTERNAL;INTERNAL | Y53: GUI-PM-00-3.16.3.robot | Z53: Edit an Inactive GPEH Subscription | AA53: GUI | AB53: No | AC53: Dependent on 3.16.1
A54: N | B54: Activate a GPEH Subscription | D54: GPEH_Testing1;GPEH_Testing2 | Y54: GUI-PM-00-3.16.4.robot | Z54: Activate a GPEH Subscription | AA54: GUI | AB54: No | AC54: Dependent on 3.16.3
A55: N | B55: Edit an Active GPEH Subscription | D55: GPEH_Testing1;GPEH_Testing2 | E55: editing active subscription1;editing active subscription2 | Y55: GUI-PM-00-3.16.5.robot | Z55: Edit an Active GPEH Subscription | AA55: GUI | AB55: No | AC55: Dependent on 3.16.4
A56: N | B56: Duplicate a GPEH Subscription | D56: GPEH_Testing1;GPEH_Testing2 | E56: GPEH_Testing1_Duplicate;GPEH_Testing2_Duplicate | F56: GAT testing1;GAT testing2 | Y56: GUI-PM-00-3.16.7.robot | Z56: Duplicate a GPEH Subscription | AA56: GUI | AB56: No | AC56: Dependent on 3.16.5
A57: N | B57: Deactivate a GPEH Subscription | D57: GPEH_Testing1;GPEH_Testing2 | Y57: GUI-PM-00-3.16.8.robot | Z57: Deactivate a GPEH Subscription | AA57: GUI | AB57: No | AC57: Dependent on 3.16.7
A58: Y | B58: Duplicate Cell Trace Subscription | C58: BB40 | D58: Test Cell Trace Subs1 | E58: Test Cell Trace Subs1_Duplicate | F58: GAT Testing1 | G58: AdmissionControl | Y58: GUI-PM-00-3.4.7.robot | Z58: Duplicate Cell Trace Subscription | AA58: GUI | AB58: No
A59: Y | B59: Create a Criteria Based Cell Trace Subscription | C59: BB40 | D59: CTAF_Cell Trace Criteria | F59: GAT Test | G59: AdmissionControl | Y59: GUI-PM-00-3.4.2.robot | Z59: Create a Criteria Based Cell Trace Subscription | AA59: GUI | AB59: No
A60: Y | B60: Activate the CTUM Subscription | D60: CTUM | Y60: GUI-PM-00-3.7.2.robot | Z60: Activate the CTUM Subscription | AA60: GUI | AB60: No | AC60: Dependent on 3.7.1
A61: Y | B61: Deactivate the CTUM Subscription | D61: CTUM | Y61: GUI-PM-00-3.7.3.robot | Z61: Deactivate the CTUM Subscription | AA61: GUI | AB61: No | AC61: Dependent on 3.7.2
A62: Y | B62: Edit an Inactive CTUM Subscription | D62: CTUM | Y62: GUI-PM-00-3.7.1.robot | Z62: Edit an Inactive CTUM Subscription | AA62: GUI | AB62: No
A63: Y | B63: Remove a Node to ENM belonging to Generic Subscription | D63: Testing_Subscription1 | F63: GAT testing1 | I63: RadioNode | Y63: GUI-PM-00-3.1.13.robot | Z63: Remove a Node to ENM belonging to Generic Subscription | AA63: GUI | AB63: No
A64: Y | B64: Display options on PMIC landing page | Y64: GUI-PM-00-3.2.1.robot | Z64: Display options on PMIC landing page | AA64: GUI | AB64: No
A65: Y | B65: Export a PM Subscription to a json File | Y65: GUI-PM-00-3.19.1.robot | Z65: Export a PM Subscription to a json File | AA65: GUI | AB65: No
A66: Y | B66: Activate a Cell Trace Subscription | Z66: Activate a Cell Trace Subscription | AA66: GUI | AB66: No | AC66: Included in PM_MasterGAT_3.4.1
A67: Y | B67: Deactivate a Cell Trace Subscription | Z67: Deactivate a Cell Trace Subscription | AA67: GUI | AB67: No | AC67: Included in PM_MasterGAT_3.4.1

Sheet NHM
A1: Execution_Flag | B1: Test Case | C1: Node | D1: KPI name | E1: Workspace Name | F1: Original Workspace name | G1: Reporting Object | H1: Object Name | I1: Node Type | J1: Measurement Object | K1: Formula | L1: Sub Formula | M1: Robot_File_Name | N1: Description | O1: Mode | P1: Service affecting | Q1: Comments | R1: Node Support Information
A2: Y | B2: NHM-MAsterGAT-3.1 | D2: GATKPITEST | G2: EUtranCellFDD | I2: RadioNode | J2: AdmissionControl | K2: pmUeCtxtFetchAttIntraEnbHoIn | L2: pmCellCatmEssShareDlMax | M2: GUI-NHM-00-3.1.robot | N2: Create KPI | O2: GUI | P2: No | R2: All type of Nodes are supported except EPG, VEPG
A3: Y | B3: NHM-MAsterGAT-3.3 | C3: BB46 | D3: GATKPITEST | M3: GUI-NHM-00-3.3.robot | N3: Edit a KPI and Set a Threshold | O3: GUI | P3: No | Q3: Dependent on NHM_MasterGAT_3.1
A4: Y | B4: NHM-MAsterGAT-3.5 | D4: GATKPITEST | M4: GUI-NHM-00-3.5.robot | N4: Activate a KPI | O4: GUI | P4: No | Q4: Dependent on NHM_MasterGAT_3.3
A5: Y | B5: NHM-MAsterGAT-3.6 | D5: GATKPITEST | H5: Duplicate Abnormal Releases MME | M5: GUI-NHM-00-3.6.robot | N5: Duplicate KPI | O5: GUI | P5: No | Q5: Dependent on NHM_MasterGAT_3.5
A6: Y | B6: NHM-MAsterGAT-3.7 | C6: BB46 | M6: GUI-NHM-00-3.7.robot | N6: Add Widgets to NHM | O6: GUI | P6: No
A7: Y | B7: NHM-MAsterGAT-3.9 | E7: Workspace1 | F7: Workspace | M7: GUI-NHM-00-3.9.robot | N7: Rename Workspace | O7: GUI | P7: No
A8: Y | B8: NHM-MAsterGAT-3.10 | E8: Workspace2 | M8: GUI-NHM-00-3.10.robot | N8: Create New Workspace | O8: GUI | P8: No
A9: Y | B9: NHM-MAsterGAT-3.14 | C9: BB46 | M9: GUI-NHM-00-3.14.robot | N9: Add Nodes for Monitoring in NHM | O9: GUI | P9: No
A10: Y | B10: NHM-MAsterGAT-3.15 | C10: BB46 | M10: GUI-NHM-00-3.15.robot | N10: Select / Deselect Nodes for monitoring in NHM | O10: GUI | P10: No
A11: Y | B11: NHM-MAsterGAT-3.17 | C11: BB46 | M11: GUI-NHM-00-3.17.robot | N11: Monitor the Worst Performing Nodes By KPI | O11: GUI | P11: No
A12: Y | B12: NHM-MAsterGAT-3.18 | C12: BB46 | M12: GUI-NHM-00-3.18.robot | N12: Monitor the Most Problematic Nodes By Alarm Count | O12: GUI | P12: No | R12: Supported by all type of nodes as per GAT document
A13: Y | B13: NHM-MAsterGAT-3.19 | C13: BB46 | M13: GUI-NHM-00-3.19.robot | N13: Monitor the Most Problematic Alarm Type By Count | O13: GUI | P13: No
A14: Y | B14: NHM-MAsterGAT-3.20 | C14: BB46 | M14: GUI-NHM-00-3.20.robot | N14: Monitoring the ALarm severity Summary | O14: GUI | P14: No
A15: Y | B15: NHM-MAsterGAT-3.21 | C15: BB46 | M15: GUI-NHM-00-3.21.robot | N15: Monitor the Alarm Type Summary | O15: GUI | P15: No
A16: Y | B16: NHM-MAsterGAT-3.22 | C16: BB46 | M16: GUI-NHM-00-3.22.robot | N16: Monitor the Operational State of Selected Nodes | O16: GUI | P16: No | R16: All type of Nodes are supported except EPG, VEPG
A17: Y | B17: NHM-MAsterGAT-3.23 | C17: BB46 | M17: GUI-NHM-00-3.23.robot | N17: Monitoring the Sync Status of a node | O17: GUI | P17: No | R17: Supported by all type of nodes as per GAT document
A18: Y | B18: NHM-MAsterGAT-3.29 | C18: BB46 | M18: GUI-NHM-00-3.29.robot | N18: Change the data displayed in Network Health Analysis and select a KPI to monitor | O18: GUI | P18: No | R18: All type of Nodes are supported except EPG, VEPG
A19: Y | B19: NHM-MAsterGAT-3.30 | C19: BB46 | H19: BB46 | M19: GUI-NHM-00-3.30.robot | N19: Export the data displayed in Network Health Analysis | O19: GUI | P19: No | R19: All type of Nodes are supported except EPG, VEPG
A20: Y | B20: NHM-MAsterGAT-3.31 | C20: BB46 | M20: GUI-NHM-00-3.31.robot | N20: Filter the data displayed in Network Health Analysis | O20: GUI | P20: No | R20: All type of Nodes are supported except EPG, VEPG
A21: Y | B21: NHM-MAsterGAT-3.32 | C21: BB46 | M21: GUI-NHM-00-3.32.robot | N21: Launch external Apps from Network Health Analysis | O21: GUI | P21: No | R21: All type of Nodes are supported except Router 6672,6675,6x71,6273,6274, Macro & Micro enodeB DU Radio Node,nodeB Baseband Radio Nodes,nodeB Pico Radio Nodes,RNC
A22: Y | B22: NHM-MAsterGAT-3.36 | C22: BB46 | M22: GUI-NHM-00-3.36.robot | N22: Monitor an Individual Node | O22: GUI | P22: No
A23: Y | B23: NHM-MAsterGAT-3.37 | C23: BB46 | M23: GUI-NHM-00-3.37.robot | N23: Monitor the Alarm Severity Summary for an Individual Node | O23: GUI | P23: No | R23: Supported by all type of nodes as per GAT document
A24: Y | B24: NHM-MAsterGAT-3.38 | C24: BB46 | M24: GUI-NHM-00-3.38.robot | N24: Monitor the Alarm Type Summary for an Individual Node | O24: GUI | P24: No
A25: Y | B25: NHM-MAsterGAT-3.39 | C25: BB46 | M25: GUI-NHM-00-3.39.robot | N25: Monitor the Most Problematic Alarm Type By Count for an Individual Node | O25: GUI | P25: No
A26: Y | B26: NHM-MAsterGAT-3.40 | C26: BB46 | M26: GUI-NHM-00-3.40.robot | N26: Monitor the Latest KPI Values for an Individual Node | O26: GUI | P26: No | R26: All type of Nodes are supported except EPG, VEPG
A27: Y | B27: NHM-MAsterGAT-3.41 | C27: BB46 | M27: GUI-NHM-00-3.41.robot | N27: Monitor Real Time KPI Values for an Individual Node | O27: GUI | P27: No
A28: Y | B28: NHM-MAsterGAT-3.43 | C28: BB46 | M28: GUI-NHM-00-3.43.robot | N28: Export the data displayed in KPI Viewer Widget | O28: GUI | P28: No
A29: Y | B29: NHM-MAsterGAT-3.24 | C29: BB46 | M29: GUI-NHM-00-3.24.robot | N29: Refine the scope of monitoring for Nodes in Breach of the threshold value for Node Level KPI | O29: GUI | P29: No
A30: Y | B30: NHM-MAsterGAT-3.25 | C30: BB46 | M30: GUI-NHM-00-3.25.robot | N30: Refine the scope of monitoring for the Nodes in Breach of the threshold value for Cell Level KPI | O30: GUI | P30: No
A31: Y | B31: NHM-MAsterGAT-3.26 | C31: BB46 | M31: GUI-NHM-00-3.26.robot | N31: Refine the scope of monitoring for the Nodes in Breach of the threshold value for a KPI having transport node type (or a mix of Transport/WCDMA/LTE node types) | O31: GUI | P31: No
A32: Y | B32: NHM-MAsterGAT-3.27 | C32: BB46 | M32: GUI-NHM-00-3.27.robot | N32: NHM: Refine the scope of monitoring for the Nodes in Non Operational State | O32: GUI | P32: No
A33: Y | B33: NHM-MAsterGAT-3.51 | C33: BB46 | M33: GUI-NHM-00-3.51.robot | N33: View Trend Charts in Network Health Analysis | O33: GUI | P33: No
A34: Y | B34: NHM-MAsterGAT-3.48 | C34: LTE06ERBS00001 | D34: GATKPITEST1 | G34: GigaBitEthernet | I34: ERBS | J34: AdmissionControl | K34: pmIfInOctetsLink1Hi | L34: pmIfInOctetsLink1Hi | M34: GUI-NHM-00-3.48.robot | N34: Delete a KPI | O34: GUI | P34: No
A35: Y | B35: NHM-MAsterGAT-3.2 | M35: GUI-NHM-00-3.2.robot | N35: View KPI table | O35: GUI | P35: No
A36: Y | B36: NHM-MAsterGAT-3.4 | M36: GUI-NHM-00-3.4.robot | N36: View KPI Summary | O36: GUI | P36: No
A37: Y | B37: NHM-MAsterGAT-3.8 | M37: GUI-NHM-00-3.8.robot | N37: Customize the Layout of NHM | O37: GUI | P37: No
A38: Y | B38: NHM-MAsterGAT-3.11 | M38: GUI-NHM-00-3.11.robot | N38: Open Workspace in Existing Dashboard | O38: GUI | P38: No
A39: Y | B39: NHM-MAsterGAT-3.12 | M39: GUI-NHM-00-3.12.robot | N39: Open Workspace in new Browser Tab | O39: GUI | P39: No
A40: Y | B40: NHM-MAsterGAT-3.42 | M40: GUI-NHM-00-3.42.robot | N40: Launch external Apps from Node Monitor | O40: GUI | P40: No | R40: Supported by all type of nodes as per GAT document
A41: Y | B41: NHM-MAsterGAT-3.44 | M41: GUI-NHM-00-3.44.robot | N41: Edit a KPI to Remove Nodes | O41: GUI | P41: No | R41: All type of Nodes are supported except EPG, VEPG
A42: Y | B42: NHM-MAsterGAT-3.46 | M42: GUI-NHM-00-3.46.robot | N42: Export KPI | O42: GUI | P42: No | R42: All type of Nodes are supported except EPG, VEPG
A43: Y | B43: NHM_MasterGAT_2.31 | M43: GUI-NHM-00-2.31.robot | N43: Cell Management operations from Network Health Analysis - able to lock/unlock cell | O43: GUI | P43: Yes | R43: All type of Nodes are supported except EPG, VEPG
A44: Y | B44: NHM-MAsterGAT-3.28 | M44: GUI-NHM-00-3.28.robot | N44: Open Network Health Analysis from the Launcher page | O44: GUI | P44: No | R44: All type of Nodes are supported except EPG, VEPG

Sheet FM
A1: Execution_Flag | B1: Test Case | C1: Node | D1: Workspace | E1: AlarmRoute | F1: originalIP | G1: Alarm Clear | H1: LmsHostname | I1: LmsUserName | J1: LmsPassword | K1: ScriptingHost | L1: ScriptingUserName | M1: ScriptingPassword | N1: NodeUser | O1: NodePass | P1: FeatureState | Q1: Robot_File_Name | R1: Description | S1: Mode | T1: Service affecting | U1: Comments | V1: Node Support Information
A2: Y | B2: GUI-FM-MasterGat-3.1 | C2: BSC33 | Q2: GUI-FM-00-3.1.robot | R2: Verify Enabling Alarm Supervision | S2: GUI | T2: No
A3: Y | B3: GUI-FM-MasterGat-3.4 | C3: BSC33;BB46 | Q3: GUI-FM-00-3.4.robot | R3: Verify Manual Alarm Synchronization | S3: GUI | T3: No
A4: Y | B4: GUI-FM-MasterGat-4.1 | C4: BSC33;BB46 | E4: CscfTesting;CscfTesting2 | Q4: GUI-FM-00-4.1.robot | R4: Verify Auto Ack functionality | S4: GUI | T4: No | U4: All type of Nodes are supported except Cisco-ASR900 , Juniper-MX , Juniper- PTX , Juniper-SRX , MTAS(IPv6), CSCF(IPv6), SBG(IPv6),ECM(IPv6), HSS-FE(IPv6), Vupg(IPv6), DSC , WCG , vEME , CCN-TSP(IPv6) , CSCF-TSP(IPv6), cSAPC-TSP(IPv6), HSS-FE-TSP(IPv6), MTAS-TSP(IPv6), VPN-TSP(IPv6), vBGF(IPv6), vMRF , ESC(IPv6), SBG-IS , vSD , RVNFM , Juniper-VSRX , Juniper-VMX
A5: Y | B5: GUI-FM-MasterGat-4.3 | C5: BSC33;BB46 | Q5: GUI-FM-00-4.3.robot | R5: Verify Acknowledge of alarms through Alarm Monitor UI | S5: GUI | T5: No | U5: All type of Nodes are supported except MTAS(IPv6), CSCF(IPv6), SBG(IPv6),ECM,HSS-FE(IPv6),vUPG(IPv6), DSC(IPv6), WCG(IPv6), vEME , CCN-TSP(IPv6) , CSCF-TSP(IPv6), cSAPC-TSP(IPv6), HSS-FE-TSP(IPv6), MTAS-TSP(IPv6), VPN-TSP(IPv6), vBGF(IPv6), vMRF (IPv6), ESC (IPv6), SBG-IS (IPv6),vSD , RVNFM
A6: Y | B6: GUI-FM-MasterGat-4.4 | C6: BB46 | Q6: GUI-FM-00-4.4.robot | R6: Verify Unacknowledge of alarms through Alarm Monitor UI | S6: GUI | T6: No
A7: Y | B7: GUI-FM-MasterGat-4.5 | C7: BSC33;BB46 | Q7: GUI-FM-00-4.5.robot | R7: Verify Clear of alarms through Alarm Monitor UI | S7: GUI | T7: No
A8: Y | B8: GUI-FM-MasterGat-4.6 | C8: BSC33;BB46 | Q8: GUI-FM-00-4.6.robot | R8: Verify comment on alarms through Alarm Monitor UI | S8: GUI | T8: No
A9: Y | B9: GUI-FM-MasterGat-4.7 | C9: BSC33;BB46 | Q9: GUI-FM-00-4.7.robot | R9: Verify Filters in Alarm Monitor UI | S9: GUI | T9: No
A10: Y | B10: GUI-FM-MasterGat-4.8 | C10: BSC33;BB46 | Q10: GUI-FM-00-4.8.robot | R10: Verify view alarm details under Alarm Monitor UI | S10: GUI | T10: No
A11: Y | B11: GUI-FM-MasterGat-4.9 | C11: BSC33;BB46 | Q11: GUI-FM-00-4.9.robot | R11: Verify alarm search using Alarm Search UI | S11: GUI | T11: No
A12: Y | B12: GUI-FM-MasterGat-4.10 | C12: BSC33;BB46 | Q12: GUI-FM-00-4.10.robot | R12: Verify Alarm Supervision State UI | S12: GUI | T12: No
A13: Y | B13: GUI-FM-MasterGat-4.15 | C13: BSC33;BB46 | G13: FALSE | Q13: GUI-FM-00-4.15.robot | R13: Verify fmcli commands | S13: GUI | T13: No
A14: Y | B14: GUI-FM-MasterGat-4.16 | C14: BSC33;BB46 | Q14: GUI-FM-00-4.16.robot | R14: Verify Alarm Export in Alarm Monitor UI | S14: GUI | T14: No
A15: Y | B15: GUI-FM-MasterGat-4.17 | C15: BSC33;BB46 | Q15: GUI-FM-00-4.17.robot | R15: Verify alarm export in Alarm Search UI | S15: GUI | T15: No
A16: Y | B16: GUI-FM-MasterGat-4.20 | C16: BSC33;BB46 | Q16: GUI-FM-00-4.20.robot | R16: Verify Alarm type summary in alarm overview | S16: GUI | T16: No
A17: Y | B17: GUI-FM-MasterGat-4.21 | C17: BSC33;BB46 | Q17: GUI-FM-00-4.21.robot | R17: Verify Alarm severity summary in alarm overview | S17: GUI | T17: No
A18: Y | B18: GUI-FM-MasterGat-4.25 | C18: BSC33;BB46 | Q18: GUI-FM-00-4.25.robot | R18: Verify two column sorting in Alarm Monitor UI | S18: GUI | T18: No | U18: All type of Nodes are supported except MTAS(IPv6), CSCF(IPv6), SBG(IPv6),ECM,HSS-FE,vUPG,DSC,WCG,vEME,CCN-TSP(IPv6) , CSCF-TSP(IPv6), cSAPC-TSP(IPv6), HSS-FE-TSP(IPv6), MTAS-TSP(IPv6), VPN-TSP(IPv6), vBGF(IPv6), vMRF, ESC(IPv6), SBG-IS, Juniper-VSRX , Juniper-VMX
A19: Y | B19: GUI-FM-MasterGat-4.26 | C19: BSC33 | D19: CscfTesting | Q19: GUI-FM-00-4.26.robot | R19: Verify multiple workspaces in Alarm Monitor UI | S19: GUI | T19: No
A20: Y | B20: GUI-FM-MasterGat-4.27 | C20: BB46 | Q20: GUI-FM-00-4.27.robot | R20: Launch Element Manager from an alarm | S20: GUI | T20: No
A21: Y | B21: GUI-FM-MasterGat-4.28 | C21: BSC33;BB46 | D21: CscfTesting;CscfTesting2 | Q21: GUI-FM-00-4.28.robot | R21: Launch Node Cli from an alarm | S21: GUI | T21: No
A22: Y | B22: GUI-FM-00-Custom-4.29 | C22: BB46 | Q22: GUI-FM-00-Custom-4.29.robot | R22: Launch AMOS from an alarm | S22: GUI | T22: No
A23: Y | B23: GUI-FM-MasterGat-8.1 | C23: BB6630 | Q23: GUI-FM-00-8.1.robot | R23: Describes supported Log Types for Nodes | S23: GUI | T23: No
A24: Y | B24: GUI-FM-MasterGat-8.2 | C24: BB6630 | Q24: GUI-FM-01-8.2.robot | R24: Upload Log Type(s) from Nodes | S24: GUI | T24: No
A25: Y | B25: GUI-FM-MasterGat-8.3 | C25: BB6630 | Q25: GUI-FM-02-8.3.robot | R25: Checks the status of Log Type(s) for Nodes | S25: GUI | T25: No
A26: Y | B26: GUI-FM-MasterGat-8.4 | C26: BB6630 | Q26: GUI-FM-03-8.4.robot | R26: Download Log Type(s) for Nodes | S26: GUI | T26: No | U26: Dependent on 8.2
A27: Y | B27: GUI-FM-MasterGat-8.5 | C27: BB6630 | Q27: GUI-FM-04-8.5.robot | R27: Delete uploaded Log Type(s) for Nodes | S27: GUI | T27: No
A28: Y | B28: GUI-FM-MasterGat-5.2 | C28: CBT01-02-BB6648 | Q28: GUI-FM-00-5.2.robot | R28: Alarm Supervision ON with spontaneous event detection | S28: GUI | T28: No
A29: Y | B29: GUI-FM-00-Custom-4.31 | C29: BSC33;BB46 | Q29: GUI-FM-00-Custom-4.31.robot | R29: Performing And Validating Alarm Comment | S29: GUI | T29: No
A30: Y | B30: GUI-FM-MasterGat-5.1 | C30: CBT01-02-BB6648 | Q30: GUI-FM-00-5.1.robot | R30: SNMP:Alarm Supervision ON with automatic synchronization enabled, align alarms already present on the node | S30: GUI | T30: No
A31: Y | B31: GUI-FM-MasterGat-4.23 | C31: BSC33;BB46 | Q31: GUI-FM-00-4.23.robot | R31: Verify Alarm severity summary in alarm overview | S31: GUI | T31: No
A32: Y | B32: GUI-FM-MasterGat-4.18 | C32: BSC33;BB46 | Q32: GUI-FM-00-4.18.robot | R32: Verify Most problematic node by alarm count in alarm overview | S32: GUI | T32: No
A33: Y | B33: GUI-FM-MasterGat-4.19 | C33: BSC33;BB46 | Q33: GUI-FM-00-4.19.robot | R33: Verify Most problematic alarm type by count in alarm overview | S33: GUI | T33: No
A34: Y | B34: GUI-FM-00-Custom-4.30 | C34: BSC33;BB46 | E34: CscfTesting;CscfTesting2 | Q34: GUI-FM-00-Custom-4.30.robot | R34: Verify Disable Auto Ack functionality | S34: GUI | T34: No
A35: Y | B35: GUI-FM-MasterGat-9.4 | C35: BSC33;BB46 | Q35: GUI-FM-00-9.4.robot | R35: Verify Manual Alarm Synchronization | S35: GUI | T35: No
A36: Y | B36: GUI-FM-MasterGat-3.3 | C36: BSC33;BB46 | F36: 131.160.80.54 | Q36: GUI-FM-00-3.3.robot | R36: Verify Heartbeat Supervision | S36: GUI | T36: No
A37: Y | B37: GUI-FM-MasterGat-3.5 | C37: BSC33;BB46 | Q37: GUI-FM-00-3.5.robot | R37: Verify Alarm Auto Sync | S37: GUI | T37: No
A38: Y | B38: Verify Disabling Alarm Supervision | C38: BB46 | H38: 131.160.99.68 | I38: root | J38: 123shroot | K38: scp-1-scripting | L38: administrator | M38: TestPassw0rd | N38: labuser | O38: Letmein01 | P38: CXC4012050 | Q38: GUI-FM-00-3.2.robot | R38: Verify Disabling Alarm Supervision | S38: GUI | T38: No
A39: Y | B39: Automatic alarm synchronization management - autoSync option disabled | C39: BB46 | H39: 131.160.99.68 | I39: root | J39: 123shroot | K39: scp-1-scripting | L39: administrator | M39: TestPassw0rd | N39: labuser | O39: Letmein01 | P39: CXC4012050 | Q39: GUI-FM-00-5.5.robot | R39: Automatic alarm synchronization management - autoSync option disabled | S39: GUI | T39: Yes

Sheet AMOS
A1: Execution_Flag | B1: Test Case | C1: Node | D1: UserName | E1: Password | F1: LmsHostname | G1: LmsUserName | H1: LmsPassword | I1: Amos_ElementManager_Scriptingvms_host | J1: ScriptingHost | K1: ScriptingUserName | L1: ScriptingPassword | M1: AMOSUserName | N1: AMOSHost | O1: AMOSPassword | P1: NodeUser | Q1: NodePass | R1: EnmUrl | S1: Nodecliusername | T1: Nodeclipassword | U1: Robot_File_Name | V1: Description | W1: Mode | X1: Service affecting | Y1: Comments | Z1: Node Support Information
A2: Y | B2: Load Balancing of Incoming SSH Connections to AMOS VMs | F2: 131.160.99.68 | G2: root | H2: 123shroot | J2: scp-1-scripting | K2: administrator | L2: 123Shroot123Shroot | M2: administrator | O2: 123Shroot123Shroot | P2: labuser | Q2: Letmein01 | R2: enm1.lmf.ericsson.se | U2: CLI-AMOS-00-3.6.robot | V2: Load Balancing of Incoming SSH Connections to AMOS VMs | W2: CLI | X2: No
A3: Y | B3: Launch AMOS using SSH client on Scripting VMs | C3: 933400_Shelbiana | F3: 131.160.99.68 | G3: root | H3: 123shroot | J3: scp-1-scripting | K3: administrator | L3: 123Shroot123Shroot | P3: labuser | Q3: Letmein01 | R3: enm1.lmf.ericsson.se | U3: CLI-AMOS-00-3.3.robot | V3: Launch AMOS using SSH client on Scripting VMs | W3: CLI | X3: No
A4: Y | B4: Launch AMOS using SSH client on Scripting VMs and run AMOS scripts | C4: 933400_Shelbiana | F4: 131.160.99.68 | G4: root | H4: 123shroot | J4: scp-1-scripting | K4: administrator | L4: 123Shroot123Shroot | P4: labuser | Q4: Letmein01 | R4: enm1.lmf.ericsson.se | U4: CLI-AMOS-00-04.robot | V4: Launch AMOS using SSH client on Scripting VMs and run AMOS scripts | W4: CLI | X4: No
A5: Y | B5: Load Balancing of Incoming SSH Connections to Scripting VMs | F5: 131.160.99.68 | G5: root | H5: 123shroot | K5: administrator | L5: 123Shroot123Shroot | P5: labuser | Q5: Letmein01 | R5: enm1.lmf.ericsson.se | U5: CLI-AMOS-00-06.robot | V5: Load Balancing of Incoming SSH Connections to Scripting VMs | W5: CLI | X5: No
A6: Y | B6: Automatically disconnect Idle or Inactive SSH Sessions on AMOS and Scripting VMs | C6: BB46 | F6: 131.160.99.68 | G6: root | H6: 123shroot | J6: scp-1-scripting | N6: scp-1-amos | U6: CLI-AMOS-00-3.9.robot | V6: Automatically disconnect Idle or Inactive SSH Sessions on AMOS and Scripting VMs | W6: CLI | X6: Yes
A7: Y | B7: Clean up old files from temporary folders on AMOS,Element Manager and Scripting VMs | D7: administrator | E7: 123Shroot123Shroot | F7: 131.160.99.68 | G7: root | H7: 123shroot | I7: scp-1-scripting,scp-1-amos,scp-1-elementmanager | U7: CLI-AMOS-00-3.7.robot | V7: Clean up old files from temporary folders on AMOS,Element Manager and Scripting VMs | W7: CLI | X7: Yes
A8: Y | B8: Launch Node CLI using Low privileged user and TBAC support from Network Explorer | C8: BB46 | S8: Test321 | T8: 12shroot | U8: GUI-AMOS-00-3.24.robot | V8: Launch Node CLI using Low privileged user and TBAC support from Network Explorer | W8: GUI | X8: No
A9: Y | B9: GAT- NODECLI-01: Node CLI will be launched from Network Explorer | C9: BB46 | U9: GUI-AMOS-00-3.21.robot | V9: GAT- NODECLI-01: Node CLI will be launched from Network Explorer | W9: GUI | X9: No
A10: Y | B10: GAT- EM-02: Element Manager (CLI) will be launched from Network Explorer | C10: BB46 | U10: GUI-AMOS-00-3.14.robot | V10: GAT- EM-02: Element Manager (CLI) will be launched from Network Explorer | W10: GUI | X10: No
A11: Y | B11: Launch AMOS from Network Explorer | C11: BB46 | U11: GUI-AMOS-00-3.02.robot | V11: Launch AMOS from Network Explorer | W11: GUI | X11: No
A12: Y | B12: Element Manager for Radio Node will be launched from Network Explorer | C12: BB46 | U12: GUI-AMOS-00-3.15.robot | V12: Element Manager for Radio Node will be launched from Network Explorer | W12: GUI | X12: No
A13: Y | B13: GAT- EM-01: Element Manager will be launched from Network Explorer | C13: BB46 | U13: GUI-AMOS-00-3.13.robot | V13: Element Manager will be launched from Network Explorer | W13: GUI | X13: No
A14: Y | B14: Launch AMOS from ENM Launcher | U14: GUI-AMOS-00-3.1.robot | V14: Launch AMOS from ENM Launcher | W14: GUI | X14: No
A15: Y | B15: Launch Shell Terminal from ENM Launcher | U15: GUI-AMOS-00-3.12.robot | V15: Launch Shell Terminal from ENM Launcher | W15: GUI | X15: No
A16: Y | B16: Launch Scripting Terminal from ENM Launcher | U16: GUI-AMOS-00-3.11.robot | V16: Launch Scripting Terminal from ENM Launcher | W16: GUI | X16: No
A17: Y | B17: Run MO Batch commands from ENM shell Terminal | U17: GUI-AMOS-00-05.robot | V17: Run MO Batch commands from ENM shell Terminal | W17: CLI | X17: No
A18: Y | B18: View Resource Usage in AMOS terminal window | U18: GUI-AMOS-00-3.08.robot | V18: View Resource Usage in AMOS terminal window | W18: GUI | X18: No
A19: Y | B19: List and Terminate remote desktop sessions running in ENM | U19: GUI-AMOS-00-3.16.robot | V19: List and Terminate remote desktop sessions running in ENM | W19: GUI | X19: No

Sheet NetworkExplorer
A1: Execution_Flag | B1: Test Case | C1: Node | D1: MoType1 | E1: MoType2 | F1: ReportName | G1: Health Check Category | H1: Robot_File_Name | I1: Description | J1: Mode | K1: Service affecting | L1: Comments | M1: Node Support Information
A2: Y | B2: NetworkExplorer-MAsterGAT-3.1 | C2: BB46 | H2: GUI-NetworkExplorer-00-3.1.robot | I2: Using the Network Explorer search box to search on a node | J2: GUI | K2: No | M2: Supported by all type of nodes as per GAT document
A3: Y | B3: NetworkExplorer-Custom-3.6.1.1 | C3: BB46 | H3: GUI-NetworkExplorer-00-Custom-3.6.1.1.robot | I3: Monitor Alarms and Monitor This Node from Network Explorer | J3: GUI | K3: No
A4: Y | B4: NetworkExplorer-Custom-3.6.1.2 | C4: BB46 | H4: GUI-NetworkExplorer-00-Custom-3.6.1.2.robot | I4: Locate In Topology and View SW Inventory from Network Explorer | J4: GUI | K4: No
A5: Y | B5: NetworkExplorer-Custom-3.6.1.3 | C5: BB46 | H5: GUI-NetworkExplorer-00-Custom-3.6.1.3.robot | I5: View Licence Inventory and View Hardware Inventory from Network Explorer | J5: GUI | K5: No
A6: Y | B6: NetworkExplorer-Custom-3.6.1.4 | C6: BB46 | H6: GUI-NetworkExplorer-00-Custom-3.6.1.4.robot | I6: View Backup Inventory from Network Explorer | J6: GUI | K6: No
A7: Y | B7: NetworkExplorer-Custom-3.6.2 | C7: BB46 | F7: CTAF-NHC-REPORT | G7: PRE_UPGRADE | H7: GUI-NetworkExplorer-00-Custom-3.6.2.robot | I7: Run Node Health Check on a node from Network Explorer | J7: GUI | K7: No
A8: Y | B8: NetworkExplorer-Custom-3.6.3 | C8: BB46 | H8: GUI-NetworkExplorer-00-Custom-3.6.3.robot | I8: View cells from Network Explorer | J8: GUI | K8: No
A9: Y | B9: NetworkExplorer-Custom-3.6.4 | C9: BB46 | H9: GUI-NetworkExplorer-00-Custom-3.6.4.robot | I9: Node CLI will be launched from Network Explorer | J9: GUI | K9: No
A10: Y | B10: NetworkExplorer-Custom-3.6.5 | C10: 933400_Shelbiana | H10: GUI-NetworkExplorer-00-Custom-3.6.5.robot | I10: AMOS will be launched from Network Explorer | J10: GUI | K10: No
A11: Y | B11: NetworkExplorer-Custom-3.6.6 | C11: BB46 | H11: GUI-NetworkExplorer-00-Custom-3.6.6.robot | I11: Element Manager will be launched from Network Explorer | J11: GUI | K11: No
A12: Y | B12: NetworkExplorer-MAsterGAT-3.6 | D12: ManagedElement | E12: NetworkElement | H12: GUI-NetworkExplorer-00-3.6.robot | I12: Create, View, Update and Delete a Collection of Managed Objects | J12: GUI | K12: No | M12: Supported by all type of nodes as per GAT document
A13: Y | B13: NetworkExplorer-MAsterGAT-3.7 | D13: ManagedElement | H13: GUI-NetworkExplorer-00-3.7.robot | I13: Objective : Create, Execute and Delete a Saved Search | J13: GUI | K13: No
A14: Y | B14: NetworkExplorer-MAsterGAT-3.2 | H14: GUI-NetworkExplorer-00-3.2.robot | I14: Search the network for Managed Objects using the Network Explorer search box | J14: GUI | K14: No | M14: ERBS IPV4,IPV6
A15: Y | B15: NetworkExplorer-MAsterGAT-3.3 | H15: GUI-NetworkExplorer-00-3.3.robot | I15: Search on Managed Objects filtering results with attributes using the Network Explorer Criteria Builder | J15: GUI | K15: No
A16: Y | B16: NetworkExplorer-MAsterGAT-3.4 | H16: GUI-NetworkExplorer-00-3.4.robot | I16: Search on Managed Objects using the Network Explorer Criteria Builder | J16: GUI | K16: No
A17: Y | B17: NetworkExplorer-MAsterGAT-3.5 | H17: GUI-NetworkExplorer-00-3.5.robot | I17: Search on Node(s) using the Network Explorer Criteria Builder | J17: GUI | K17: No

Sheet License Control and Monitoring
A1: Execution_Flag | B1: Test Case | C1: Node | D1: Robot_File_Name | E1: Description | F1: Mode | G1: Service affecting | H1: Comment | I1: Node Support Information
A2: Y | B2: Install license | C2: BB46 | D2: ENM15.robot | E2: Install license | F2: CLI | G2: Yes | H2: Python based | I2: Supported by all type of nodes as per GAT document
A3: Y | B3: GUI-LCMS-00-3.2 | D3: GUI-LCMS-00-3.2.robot | E3: View the license inventory | F3: GUI | G3: No
A4: Y | B4: GUI-LCMS-00-3.3 | D4: GUI-LCMS-00-3.3.robot | E4: View the latest capacity license usage | F4: GUI | G4: No
A5: Y | B5: GUI-LCMS-00-3.4 | D5: GUI-LCMS-00-3.4.robot | E5: Export License Usage | F5: GUI | G5: No
A6: Y | B6: GUI-LCMS-00-3.5 | D6: GUI-LCMS-00-3.5.robot | E6: Get Grace Period Status | F6: GUI | G6: No
A7: Y | B7: GUI-LCMS-00-3.6 | D7: GUI-LCMS-00-3.6.robot | E7: Get Emergency Unlock Status | F7: GUI | G7: No
A8: Y | B8: GUI-LCMS-00-3.7 | D8: GUI-LCMS-00-3.7.robot | E8: Get Capacity License Enforcement Status | F8: GUI | G8: No
A9: Y | B9: GUI-LCMS-00-3.8 | D9: GUI-LCMS-00-3.8.robot | E9: Get License Alarm Threshold Info | F9: GUI | G9: No

Sheet OPS
A1: Execution_Flag | B1: Test Case | C1: Robot_File_Name | D1: Description | E1: Mode | F1: Service affecting | G1: Comment | H1: Node Support Information
A2: Y | B2: GUI-OPS-00-3.1 | C2: GUI-OPS-00-3.1.robot | D2: OPS GUI Launch | E2: GUI | F2: No
A3: Y | B3: GUI-OPS-00-3.6 | C3: GUI-OPS-00-3.6.robot | D3: OPS GUI Close | E3: GUI | F3: No

Sheet Release Independence
A1: Execution_Flag | B1: Test Case | C1: Robot_File_Name | D1: Description | E1: Mode | F1: Service affecting | G1: Comment | H1: Node Support Information
A2: Y | B2: GUI-RI-00-3.1 | C2: GUI-RI-00-3.1.robot | D2: View Release Independence Candidates (NVS-VRIC) | E2: GUI | F2: No
A3: Y | B3: GUI-RI-00-3.7 | C3: GUI-RI-00-3.7.robot | D3: View Supported Node Versions (NVS-VSNV) | E3: GUI | F3: No
A4: Y | B4: GUI-RI-00-3.2 | C4: GUI-RI-00-3.2.robot | D4: View Model Validation Results (NVS-VVR) | E4: GUI | F4: No
A5: Y | B5: GUI-RI-00-3.4 | C5: GUI-RI-00-3.4.robot | D5: Add Support for Node Versions (NVS-EASNV) | E5: GUI | F5: No
A6: Y | B6: GUI-RI-00-3.5 | C6: GUI-RI-00-3.5.robot | D6: View Release Independence Results (NVS-VRIR) | E6: GUI | F6: No
A7: Y | B7: GUI-RI-00-3.6 | C7: GUI-RI-00-3.6.robot | D7: Clear Release Independence Results (NVS-CRIR) | E7: GUI | F7: No
A8: Y | B8: GUI-RI-00-3.8 | C8: GUI-RI-00-3.8.robot | D8: Remove Support for a Node Version (NVS-RSNV) | E8: GUI | F8: No

Sheet NCM
A1: Execution_Flag | B1: Test Case | C1: Robot_File_Name | D1: Description | E1: Mode | F1: Service affecting | G1: Comment | H1: Node Support Information
A2: Y | B2: GUI-NCM-00-3.1 | C2: GUI-NCM-00-3.1.robot | D2: Usability Improvements (phase1) | E2: GUI | F2: No | H2: MiniLink and Router Type

Sheet Cleanup
A1: Execution_Flag | B1: Test Case | C1: LoginUserName | D1: TestCase-Description
A2: Y | B2: Cleanup Existing Data In ENM | C2: CTAFadmin | D2: USE AT YOUR OWN RISK. Be aware before running this .THIS will cleanup all the PMIC subscription,NHC collection ,SHM reports etc as per testcases will be deleted from system as part of cleanup .DO NOT PUT ANY USERNAME
